2026-04-07 23:29:55,710 - ERROR - TOC parsing failed: 404 Client Error: Not Found for url: https://freewebnovel.com/novel/404
2026-04-07 23:29:55,711 - INFO - Using fallback detection...
2026-04-07 23:30:40,868 - INFO - Fallback detected 41 chapters
2026-04-07 23:30:43,397 - INFO - Fetched Chapter 3
2026-04-07 23:30:43,409 - INFO - Fetched Chapter 4
2026-04-07 23:30:43,510 - INFO - Fetched Chapter 1
2026-04-07 23:30:43,539 - INFO - Fetched Chapter 6
2026-04-07 23:30:44,577 - INFO - Fetched Chapter 5
2026-04-07 23:30:45,119 - INFO - Fetched Chapter 7
2026-04-07 23:30:45,366 - INFO - Fetched Chapter 2
2026-04-07 23:30:45,692 - INFO - Fetched Chapter 8
2026-04-07 23:30:46,086 - INFO - Fetched Chapter 9
2026-04-07 23:30:46,829 - INFO - Fetched Chapter 10
2026-04-07 23:30:58,472 - INFO - Fetched Chapter 11
2026-04-07 23:30:59,055 - INFO - Fetched Chapter 16
2026-04-07 23:30:59,724 - INFO - Fetched Chapter 15
2026-04-07 23:30:59,768 - INFO - Fetched Chapter 12
2026-04-07 23:30:59,999 - INFO - Fetched Chapter 14
2026-04-07 23:31:00,127 - INFO - Fetched Chapter 13
2026-04-07 23:31:01,223 - INFO - Fetched Chapter 17
2026-04-07 23:31:57,722 - ERROR - TOC parsing failed: 404 Client Error: Not Found for url: https://freewebnovel.com/novel/404
2026-04-07 23:31:57,723 - INFO - Using fallback detection...
2026-04-07 23:57:47,327 - INFO - Fallback detected 1354 chapters
2026-04-07 23:57:49,913 - INFO - Fetched Chapter 18
2026-04-07 23:57:50,377 - INFO - Fetched Chapter 20
2026-04-07 23:57:50,446 - INFO - Fetched Chapter 22
2026-04-07 23:57:50,532 - INFO - Fetched Chapter 21
2026-04-07 23:57:51,595 - INFO - Fetched Chapter 19
2026-04-07 23:57:51,789 - INFO - Fetched Chapter 23
2026-04-07 23:57:52,351 - INFO - Fetched Chapter 24
2026-04-07 23:57:52,702 - INFO - Fetched Chapter 26
2026-04-07 23:57:52,948 - INFO - Fetched Chapter 25
2026-04-07 23:57:53,886 - INFO - Fetched Chapter 27
2026-04-07 23:57:54,829 - INFO - Fetched Chapter 29
2026-04-07 23:57:54,875 - INFO - Fetched Chapter 30
2026-04-07 23:57:55,029 - INFO - Fetched Chapter 28
2026-04-07 23:57:55,074 - INFO - Fetched Chapter 32
2026-04-07 23:57:56,255 - INFO - Fetched Chapter 31
2026-04-07 23:57:57,216 - INFO - Fetched Chapter 34
2026-04-07 23:57:57,301 - INFO - Fetched Chapter 33
2026-04-07 23:57:57,311 - INFO - Fetched Chapter 35
2026-04-07 23:57:57,439 - INFO - Fetched Chapter 36
2026-04-07 23:57:58,465 - INFO - Fetched Chapter 37
2026-04-07 23:58:32,162 - ERROR - TOC parsing failed: 404 Client Error: Not Found for url: https://freewebnovel.com/novel/404
2026-04-07 23:58:32,163 - INFO - Using fallback detection...
2026-04-08 02:58:45,313 - INFO - Fallback detected 8619 chapters
2026-04-08 02:58:48,544 - INFO - Fetched Chapter 38
2026-04-08 02:58:48,593 - INFO - Fetched Chapter 40
2026-04-08 02:58:49,385 - INFO - Fetched Chapter 39
2026-04-08 02:58:49,450 - INFO - Fetched Chapter 42
2026-04-08 02:58:49,558 - INFO - Fetched Chapter 43
2026-04-08 02:58:49,743 - INFO - Fetched Chapter 41
2026-04-08 02:58:50,476 - INFO - Fetched Chapter 45
2026-04-08 02:58:51,385 - INFO - Fetched Chapter 49
2026-04-08 02:58:51,498 - INFO - Fetched Chapter 44
2026-04-08 02:58:52,061 - INFO - Fetched Chapter 47
2026-04-08 02:58:52,346 - INFO - Fetched Chapter 48
2026-04-08 02:58:52,713 - INFO - Fetched Chapter 50
2026-04-08 02:58:52,725 - INFO - Fetched Chapter 46
2026-04-08 02:58:54,878 - INFO - Fetched Chapter 54
2026-04-08 02:58:55,143 - INFO - Fetched Chapter 51
2026-04-08 02:58:55,178 - INFO - Fetched Chapter 52
2026-04-08 02:58:55,292 - INFO - Fetched Chapter 55
2026-04-08 02:58:55,360 - INFO - Fetched Chapter 56
2026-04-08 02:58:55,526 - INFO - Fetched Chapter 53
2026-04-08 02:58:56,861 - INFO - Fetched Chapter 57
2026-04-08 02:58:57,805 - INFO - Fetched Chapter 59
2026-04-08 02:59:55,682 - INFO - Fetched Chapter 64
2026-04-08 02:59:56,355 - INFO - Fetched Chapter 61
2026-04-08 02:59:56,534 - INFO - Fetched Chapter 58
2026-04-08 02:59:56,648 - INFO - Fetched Chapter 63
2026-04-08 02:59:56,650 - INFO - Fetched Chapter 60
2026-04-08 02:59:57,022 - INFO - Fetched Chapter 62
2026-04-08 02:59:58,574 - INFO - Fetched Chapter 66
2026-04-08 02:59:59,179 - INFO - Fetched Chapter 65
2026-04-08 02:59:59,236 - INFO - Fetched Chapter 69
2026-04-08 02:59:59,407 - INFO - Fetched Chapter 67
2026-04-08 02:59:59,531 - INFO - Fetched Chapter 68
2026-04-08 03:00:00,161 - INFO - Fetched Chapter 70
2026-04-08 03:00:01,620 - INFO - Fetched Chapter 75
2026-04-08 03:00:01,637 - INFO - Fetched Chapter 74
2026-04-08 03:00:01,670 - INFO - Fetched Chapter 71
2026-04-08 03:00:01,866 - INFO - Fetched Chapter 73
2026-04-08 03:00:02,145 - INFO - Fetched Chapter 76
2026-04-08 03:00:02,650 - INFO - Fetched Chapter 72
2026-04-08 03:00:14,579 - INFO - Fetched Chapter 82
2026-04-08 03:00:14,875 - INFO - Fetched Chapter 79
2026-04-08 03:00:15,605 - INFO - Fetched Chapter 77
2026-04-08 03:00:15,675 - INFO - Fetched Chapter 81
2026-04-08 03:00:16,599 - INFO - Fetched Chapter 80
2026-04-08 03:00:17,258 - INFO - Fetched Chapter 78
2026-04-08 03:00:17,581 - INFO - Fetched Chapter 83
2026-04-08 03:00:18,364 - INFO - Fetched Chapter 85
2026-04-08 03:00:18,527 - INFO - Fetched Chapter 86
2026-04-08 03:00:18,578 - INFO - Fetched Chapter 84
2026-04-08 03:00:19,892 - INFO - Fetched Chapter 88
2026-04-08 03:00:19,907 - INFO - Fetched Chapter 87
2026-04-08 03:00:21,263 - INFO - Fetched Chapter 89
2026-04-08 03:00:21,674 - INFO - Fetched Chapter 91
2026-04-08 03:00:21,767 - INFO - Fetched Chapter 92
2026-04-08 03:00:21,836 - INFO - Fetched Chapter 90
2026-04-08 03:00:21,980 - INFO - Fetched Chapter 93
2026-04-08 03:00:23,129 - INFO - Fetched Chapter 94
2026-04-08 03:00:24,047 - INFO - Fetched Chapter 97
2026-04-08 03:00:24,417 - INFO - Fetched Chapter 99
2026-04-08 03:00:24,546 - INFO - Fetched Chapter 95
2026-04-08 03:00:25,088 - INFO - Fetched Chapter 98
2026-04-08 03:00:25,331 - INFO - Fetched Chapter 96
2026-04-08 03:00:36,967 - INFO - Fetched Chapter 104
2026-04-08 03:00:37,162 - INFO - Fetched Chapter 100
2026-04-08 03:00:37,401 - INFO - Fetched Chapter 103
2026-04-08 03:00:37,644 - INFO - Fetched Chapter 101
2026-04-08 03:00:38,445 - INFO - Fetched Chapter 105
2026-04-08 03:00:38,753 - INFO - Fetched Chapter 102
2026-04-08 03:00:39,193 - INFO - Fetched Chapter 108
2026-04-08 03:00:39,402 - INFO - Fetched Chapter 107
2026-04-08 03:00:39,476 - INFO - Fetched Chapter 109
2026-04-08 03:00:40,007 - INFO - Fetched Chapter 106
2026-04-08 03:00:40,349 - INFO - Fetched Chapter 110
2026-04-08 03:00:41,706 - INFO - Fetched Chapter 112
2026-04-08 03:00:42,311 - INFO - Fetched Chapter 111
2026-04-08 03:00:42,592 - INFO - Fetched Chapter 115
2026-04-08 03:00:43,099 - INFO - Fetched Chapter 113
2026-04-08 03:00:43,160 - INFO - Fetched Chapter 114
2026-04-08 03:00:43,692 - INFO - Fetched Chapter 116
2026-04-08 03:00:45,099 - INFO - Fetched Chapter 117
2026-04-08 03:00:45,242 - INFO - Fetched Chapter 118
2026-04-08 03:00:45,929 - INFO - Fetched Chapter 121
2026-04-08 03:00:45,985 - INFO - Fetched Chapter 119
2026-04-08 03:00:46,814 - INFO - Fetched Chapter 120
2026-04-08 03:00:55,847 - INFO - Fetched Chapter 122
2026-04-08 03:00:57,575 - INFO - Fetched Chapter 125
2026-04-08 03:00:57,645 - INFO - Fetched Chapter 127
2026-04-08 03:00:58,039 - INFO - Fetched Chapter 123
2026-04-08 03:00:58,257 - INFO - Fetched Chapter 124
2026-04-08 03:00:58,344 - INFO - Fetched Chapter 128
2026-04-08 03:00:58,765 - INFO - Fetched Chapter 126
2026-04-08 03:01:00,686 - INFO - Fetched Chapter 130
2026-04-08 03:01:01,207 - INFO - Fetched Chapter 129
2026-04-08 03:01:01,309 - INFO - Fetched Chapter 131
2026-04-08 03:01:01,436 - INFO - Fetched Chapter 132
2026-04-08 03:01:01,781 - INFO - Fetched Chapter 133
2026-04-08 03:01:02,028 - INFO - Fetched Chapter 134
2026-04-08 03:01:03,577 - INFO - Fetched Chapter 137
2026-04-08 03:01:04,030 - INFO - Fetched Chapter 136
2026-04-08 03:01:04,368 - INFO - Fetched Chapter 135
2026-04-08 03:01:04,489 - INFO - Fetched Chapter 138
2026-04-08 03:01:05,387 - INFO - Fetched Chapter 139
2026-04-08 03:01:05,445 - INFO - Fetched Chapter 140
2026-04-08 03:01:05,698 - INFO - Fetched Chapter 141
2026-04-08 03:01:05,907 - INFO - Fetched Chapter 142
2026-04-08 03:01:07,264 - INFO - Fetched Chapter 143
2026-04-08 03:01:07,591 - INFO - Fetched Chapter 144
2026-04-08 03:01:18,548 - INFO - Fetched Chapter 147
2026-04-08 03:01:19,557 - INFO - Fetched Chapter 150
2026-04-08 03:01:19,657 - INFO - Fetched Chapter 149
2026-04-08 03:01:19,931 - INFO - Fetched Chapter 148
2026-04-08 03:01:20,831 - INFO - Fetched Chapter 146
2026-04-08 03:01:20,928 - INFO - Fetched Chapter 145
2026-04-08 03:01:21,563 - INFO - Fetched Chapter 152
2026-04-08 03:01:21,809 - INFO - Fetched Chapter 154
2026-04-08 03:01:21,881 - INFO - Fetched Chapter 151
2026-04-08 03:01:22,006 - INFO - Fetched Chapter 153
2026-04-08 03:01:24,119 - INFO - Fetched Chapter 157
2026-04-08 03:01:24,349 - INFO - Fetched Chapter 156
2026-04-08 03:01:24,522 - INFO - Fetched Chapter 155
2026-04-08 03:01:25,126 - INFO - Fetched Chapter 158
2026-04-08 03:01:25,187 - INFO - Fetched Chapter 160
2026-04-08 03:01:25,613 - INFO - Fetched Chapter 159
2026-04-08 03:01:26,077 - INFO - Fetched Chapter 161
2026-04-08 03:01:26,635 - INFO - Fetched Chapter 163
2026-04-08 03:01:26,961 - INFO - Fetched Chapter 162
2026-04-08 03:01:27,944 - INFO - Fetched Chapter 164
2026-04-08 03:01:28,619 - INFO - Fetched Chapter 165
2026-04-08 03:01:29,057 - INFO - Fetched Chapter 166
2026-04-08 03:01:41,048 - INFO - Fetched Chapter 170
2026-04-08 03:01:41,056 - INFO - Fetched Chapter 172
2026-04-08 03:01:41,077 - INFO - Fetched Chapter 169
2026-04-08 03:01:41,253 - INFO - Fetched Chapter 171
2026-04-08 03:01:41,443 - INFO - Fetched Chapter 167
2026-04-08 03:01:41,479 - INFO - Fetched Chapter 168
2026-04-08 03:01:42,973 - INFO - Fetched Chapter 174
2026-04-08 03:01:43,501 - INFO - Fetched Chapter 173
2026-04-08 03:01:43,525 - INFO - Fetched Chapter 176
2026-04-08 03:01:43,624 - INFO - Fetched Chapter 175
2026-04-08 03:01:44,411 - INFO - Fetched Chapter 178
2026-04-08 03:01:44,779 - INFO - Fetched Chapter 177
2026-04-08 03:01:45,177 - INFO - Fetched Chapter 180
2026-04-08 03:01:45,245 - INFO - Fetched Chapter 179
2026-04-08 03:01:45,880 - INFO - Fetched Chapter 181
2026-04-08 03:01:46,484 - INFO - Fetched Chapter 183
2026-04-08 03:01:47,301 - INFO - Fetched Chapter 182
2026-04-08 03:01:47,470 - INFO - Fetched Chapter 186
2026-04-08 03:01:47,825 - INFO - Fetched Chapter 184
2026-04-08 03:01:47,966 - INFO - Fetched Chapter 185
2026-04-08 03:01:48,634 - INFO - Fetched Chapter 187
2026-04-08 03:02:00,605 - INFO - Fetched Chapter 192
2026-04-08 03:02:00,717 - INFO - Fetched Chapter 188
2026-04-08 03:02:00,776 - INFO - Fetched Chapter 191
2026-04-08 03:02:00,919 - INFO - Fetched Chapter 190
2026-04-08 03:02:01,559 - INFO - Fetched Chapter 189
2026-04-08 03:02:01,843 - INFO - Fetched Chapter 193
2026-04-08 03:02:03,287 - INFO - Fetched Chapter 196
2026-04-08 03:02:03,651 - INFO - Fetched Chapter 194
2026-04-08 03:02:03,658 - INFO - Fetched Chapter 198
2026-04-08 03:02:03,998 - INFO - Fetched Chapter 195
2026-04-08 03:02:04,057 - INFO - Fetched Chapter 199
2026-04-08 03:02:04,409 - INFO - Fetched Chapter 197
2026-04-08 03:02:05,217 - INFO - Fetched Chapter 200
2026-04-08 03:02:05,849 - INFO - Fetched Chapter 202
2026-04-08 03:02:06,318 - INFO - Fetched Chapter 203
2026-04-08 03:02:06,542 - INFO - Fetched Chapter 204
2026-04-08 03:02:06,975 - INFO - Fetched Chapter 201
2026-04-08 03:02:07,729 - INFO - Fetched Chapter 207
2026-04-08 03:02:08,010 - INFO - Fetched Chapter 206
2026-04-08 03:02:08,066 - INFO - Fetched Chapter 205
2026-04-08 03:02:19,995 - INFO - Fetched Chapter 213
2026-04-08 03:02:20,281 - INFO - Fetched Chapter 212
2026-04-08 03:02:20,352 - INFO - Fetched Chapter 209
2026-04-08 03:02:20,945 - INFO - Fetched Chapter 210
2026-04-08 03:02:21,526 - INFO - Fetched Chapter 211
2026-04-08 03:02:21,897 - INFO - Fetched Chapter 208
2026-04-08 03:02:22,864 - INFO - Fetched Chapter 214
2026-04-08 03:02:23,144 - INFO - Fetched Chapter 217
2026-04-08 03:02:23,230 - INFO - Fetched Chapter 216
2026-04-08 03:02:23,938 - INFO - Fetched Chapter 219
2026-04-08 03:02:24,025 - INFO - Fetched Chapter 215
2026-04-08 03:02:24,401 - INFO - Fetched Chapter 218
2026-04-08 03:02:26,573 - INFO - Fetched Chapter 220
2026-04-08 03:02:26,622 - INFO - Fetched Chapter 222
2026-04-08 03:02:26,643 - INFO - Fetched Chapter 225
2026-04-08 03:02:26,767 - INFO - Fetched Chapter 224
2026-04-08 03:02:26,857 - INFO - Fetched Chapter 221
2026-04-08 03:02:27,644 - INFO - Fetched Chapter 223
2026-04-08 03:02:28,421 - INFO - Fetched Chapter 227
2026-04-08 03:02:28,971 - INFO - Fetched Chapter 226
2026-04-08 03:02:29,179 - INFO - Fetched Chapter 230
2026-04-08 03:02:29,628 - INFO - Fetched Chapter 229
2026-04-08 03:02:29,657 - INFO - Fetched Chapter 228
2026-04-08 03:02:40,969 - INFO - Fetched Chapter 233
2026-04-08 03:02:41,357 - INFO - Fetched Chapter 236
2026-04-08 03:02:41,790 - INFO - Fetched Chapter 231
2026-04-08 03:02:42,007 - INFO - Fetched Chapter 234
2026-04-08 03:02:43,053 - INFO - Fetched Chapter 232
2026-04-08 03:02:43,161 - INFO - Fetched Chapter 235
2026-04-08 03:02:43,524 - INFO - Fetched Chapter 238
2026-04-08 03:02:43,790 - INFO - Fetched Chapter 237
2026-04-08 03:02:44,038 - INFO - Fetched Chapter 239
2026-04-08 03:02:45,277 - INFO - Fetched Chapter 241
2026-04-08 03:02:45,339 - INFO - Fetched Chapter 240
2026-04-08 03:02:46,540 - INFO - Fetched Chapter 242
2026-04-08 03:02:46,737 - INFO - Fetched Chapter 243
2026-04-08 03:02:47,044 - INFO - Fetched Chapter 244
2026-04-08 03:02:47,518 - INFO - Fetched Chapter 245
2026-04-08 03:02:47,915 - INFO - Fetched Chapter 247
2026-04-08 03:02:48,446 - INFO - Fetched Chapter 246
2026-04-08 03:03:00,391 - INFO - Fetched Chapter 248
2026-04-08 03:03:01,113 - INFO - Fetched Chapter 250
2026-04-08 03:03:01,540 - INFO - Fetched Chapter 253
2026-04-08 03:03:01,987 - INFO - Fetched Chapter 249
2026-04-08 03:03:02,162 - INFO - Fetched Chapter 252
2026-04-08 03:03:03,038 - INFO - Fetched Chapter 251
2026-04-08 03:03:03,614 - INFO - Fetched Chapter 254
2026-04-08 03:03:04,254 - INFO - Fetched Chapter 255
2026-04-08 03:03:04,304 - INFO - Fetched Chapter 258
2026-04-08 03:03:05,020 - INFO - Fetched Chapter 256
2026-04-08 03:03:05,223 - INFO - Fetched Chapter 257
2026-04-08 03:03:06,063 - INFO - Fetched Chapter 259
2026-04-08 03:03:06,196 - INFO - Fetched Chapter 260
2026-04-08 03:03:06,843 - INFO - Fetched Chapter 261
2026-04-08 03:03:06,946 - INFO - Fetched Chapter 262
2026-04-08 03:03:07,862 - INFO - Fetched Chapter 264
2026-04-08 03:03:08,671 - INFO - Fetched Chapter 263
2026-04-08 03:03:19,039 - INFO - Fetched Chapter 269
2026-04-08 03:03:20,248 - INFO - Fetched Chapter 270
2026-04-08 03:03:20,376 - INFO - Fetched Chapter 268
2026-04-08 03:03:20,519 - INFO - Fetched Chapter 265
2026-04-08 03:03:21,573 - INFO - Fetched Chapter 267
2026-04-08 03:03:21,631 - INFO - Fetched Chapter 266
2026-04-08 03:03:21,818 - INFO - Fetched Chapter 271
2026-04-08 03:03:22,197 - INFO - Fetched Chapter 272
2026-04-08 03:03:22,662 - INFO - Fetched Chapter 273
2026-04-08 03:03:23,681 - INFO - Fetched Chapter 274
2026-04-08 03:03:23,742 - INFO - Fetched Chapter 277
2026-04-08 03:03:23,853 - INFO - Fetched Chapter 276
2026-04-08 03:03:24,141 - INFO - Fetched Chapter 278
2026-04-08 03:03:24,869 - INFO - Fetched Chapter 275
2026-04-08 03:03:25,138 - INFO - Fetched Chapter 279
2026-04-08 03:03:26,182 - INFO - Fetched Chapter 282
2026-04-08 03:03:26,449 - INFO - Fetched Chapter 283
2026-04-08 03:03:26,538 - INFO - Fetched Chapter 281
2026-04-08 03:03:26,662 - INFO - Fetched Chapter 280
2026-04-08 03:03:39,397 - INFO - Fetched Chapter 287
2026-04-08 03:03:39,441 - INFO - Fetched Chapter 286
2026-04-08 03:03:40,050 - INFO - Fetched Chapter 285
2026-04-08 03:03:40,330 - INFO - Fetched Chapter 284
2026-04-08 03:03:40,431 - INFO - Fetched Chapter 289
2026-04-08 03:03:41,136 - INFO - Fetched Chapter 288
2026-04-08 03:03:41,538 - INFO - Fetched Chapter 290
2026-04-08 03:03:42,358 - INFO - Fetched Chapter 291
2026-04-08 03:03:42,499 - INFO - Fetched Chapter 292
2026-04-08 03:03:42,909 - INFO - Fetched Chapter 295
2026-04-08 03:03:43,784 - INFO - Fetched Chapter 293
2026-04-08 03:03:44,185 - INFO - Fetched Chapter 294
2026-04-08 03:03:44,855 - INFO - Fetched Chapter 299
2026-04-08 03:03:44,885 - INFO - Fetched Chapter 296
2026-04-08 03:03:45,035 - INFO - Fetched Chapter 297
2026-04-08 03:03:46,013 - INFO - Fetched Chapter 298
2026-04-08 03:03:46,388 - INFO - Fetched Chapter 300
2026-04-08 03:03:46,645 - INFO - Fetched Chapter 301
2026-04-08 03:03:47,905 - INFO - Fetched Chapter 304
2026-04-08 03:03:48,197 - INFO - Fetched Chapter 303
2026-04-08 03:03:48,526 - INFO - Fetched Chapter 302
2026-04-08 03:04:00,311 - INFO - Fetched Chapter 306
2026-04-08 03:04:01,195 - INFO - Fetched Chapter 305
2026-04-08 03:04:01,211 - INFO - Fetched Chapter 308
2026-04-08 03:04:01,326 - INFO - Fetched Chapter 309
2026-04-08 03:04:01,357 - INFO - Fetched Chapter 310
2026-04-08 03:04:02,028 - INFO - Fetched Chapter 307
2026-04-08 03:04:02,507 - INFO - Fetched Chapter 311
2026-04-08 03:04:03,605 - INFO - Fetched Chapter 314
2026-04-08 03:04:03,850 - INFO - Fetched Chapter 313
2026-04-08 03:04:04,179 - INFO - Fetched Chapter 312
2026-04-08 03:04:04,195 - INFO - Fetched Chapter 315
2026-04-08 03:04:05,383 - INFO - Fetched Chapter 316
2026-04-08 03:04:05,575 - INFO - Fetched Chapter 317
2026-04-08 03:04:05,890 - INFO - Fetched Chapter 318
2026-04-08 03:04:06,208 - INFO - Fetched Chapter 321
2026-04-08 03:04:06,595 - INFO - Fetched Chapter 320
2026-04-08 03:04:06,665 - INFO - Fetched Chapter 319
2026-04-08 03:04:07,495 - INFO - Fetched Chapter 323
2026-04-08 03:04:07,847 - INFO - Fetched Chapter 324
2026-04-08 03:04:08,511 - INFO - Fetched Chapter 322
2026-04-08 03:04:09,028 - INFO - Fetched Chapter 325
2026-04-08 03:04:20,007 - INFO - Fetched Chapter 327
2026-04-08 03:04:20,265 - INFO - Fetched Chapter 329
2026-04-08 03:04:20,621 - INFO - Fetched Chapter 326
2026-04-08 03:04:20,638 - INFO - Fetched Chapter 328
2026-04-08 03:04:20,813 - INFO - Fetched Chapter 331
2026-04-08 03:04:21,361 - INFO - Fetched Chapter 330
2026-04-08 03:04:22,033 - INFO - Fetched Chapter 332
2026-04-08 03:04:23,166 - INFO - Fetched Chapter 336
2026-04-08 03:04:23,554 - INFO - Fetched Chapter 337
2026-04-08 03:04:23,734 - INFO - Fetched Chapter 333
2026-04-08 03:04:23,939 - INFO - Fetched Chapter 335
2026-04-08 03:04:24,020 - INFO - Fetched Chapter 334
2026-04-08 03:04:24,047 - INFO - Fetched Chapter 338
2026-04-08 03:04:25,714 - INFO - Fetched Chapter 341
2026-04-08 03:04:25,968 - INFO - Fetched Chapter 340
2026-04-08 03:04:26,332 - INFO - Fetched Chapter 339
2026-04-08 03:04:27,333 - INFO - Fetched Chapter 344
2026-04-08 03:04:27,547 - INFO - Fetched Chapter 343
2026-04-08 03:04:27,654 - INFO - Fetched Chapter 342
2026-04-08 03:04:27,832 - INFO - Fetched Chapter 346
2026-04-08 03:04:28,834 - INFO - Fetched Chapter 345
2026-04-08 03:04:28,873 - INFO - Fetched Chapter 347
2026-04-08 03:04:41,280 - INFO - Fetched Chapter 351
2026-04-08 03:04:41,657 - INFO - Fetched Chapter 353
2026-04-08 03:04:42,180 - INFO - Fetched Chapter 352
2026-04-08 03:04:42,326 - INFO - Fetched Chapter 349
2026-04-08 03:04:42,477 - INFO - Fetched Chapter 350
2026-04-08 03:04:42,775 - INFO - Fetched Chapter 348
2026-04-08 03:04:43,873 - INFO - Fetched Chapter 354
2026-04-08 03:04:44,109 - INFO - Fetched Chapter 355
2026-04-08 03:04:44,417 - INFO - Fetched Chapter 357
2026-04-08 03:04:45,076 - INFO - Fetched Chapter 356
2026-04-08 03:04:45,598 - INFO - Fetched Chapter 358
2026-04-08 03:04:45,856 - INFO - Fetched Chapter 359
2026-04-08 03:04:45,975 - INFO - Fetched Chapter 360
2026-04-08 03:04:46,229 - INFO - Fetched Chapter 362
2026-04-08 03:04:46,752 - INFO - Fetched Chapter 361
2026-04-08 03:04:58,775 - INFO - Fetched Chapter 365
2026-04-08 03:04:59,460 - INFO - Fetched Chapter 366
2026-04-08 03:04:59,590 - INFO - Fetched Chapter 363
2026-04-08 03:04:59,882 - INFO - Fetched Chapter 364
2026-04-08 03:05:00,154 - INFO - Fetched Chapter 367
2026-04-08 03:05:00,470 - INFO - Fetched Chapter 368
2026-04-08 03:05:01,123 - INFO - Fetched Chapter 369
2026-04-08 03:05:01,958 - INFO - Fetched Chapter 370
2026-04-08 03:05:02,110 - INFO - Fetched Chapter 371
2026-04-08 03:05:02,940 - INFO - Fetched Chapter 372
2026-04-08 03:05:03,006 - INFO - Fetched Chapter 374
2026-04-08 03:05:03,356 - INFO - Fetched Chapter 375
2026-04-08 03:05:03,704 - INFO - Fetched Chapter 373
2026-04-08 03:05:03,924 - INFO - Fetched Chapter 377
2026-04-08 03:05:05,586 - INFO - Fetched Chapter 376
2026-04-08 03:05:06,013 - INFO - Fetched Chapter 382
2026-04-08 03:05:06,069 - INFO - Fetched Chapter 380
2026-04-08 03:05:06,555 - INFO - Fetched Chapter 379
2026-04-08 03:05:06,668 - INFO - Fetched Chapter 378
2026-04-08 03:05:07,082 - INFO - Fetched Chapter 381
2026-04-08 03:05:17,582 - INFO - Fetched Chapter 388
2026-04-08 03:05:17,802 - INFO - Fetched Chapter 387
2026-04-08 03:05:18,896 - INFO - Fetched Chapter 383
2026-04-08 03:05:18,912 - INFO - Fetched Chapter 384
2026-04-08 03:05:20,119 - INFO - Fetched Chapter 385
2026-04-08 03:05:20,279 - INFO - Fetched Chapter 386
2026-04-08 03:05:20,500 - INFO - Fetched Chapter 390
2026-04-08 03:05:21,071 - INFO - Fetched Chapter 389
2026-04-08 03:05:22,254 - INFO - Fetched Chapter 391
2026-04-08 03:05:22,438 - INFO - Fetched Chapter 392
2026-04-08 03:05:22,487 - INFO - Fetched Chapter 393
2026-04-08 03:05:22,976 - INFO - Fetched Chapter 396
2026-04-08 03:05:23,640 - INFO - Fetched Chapter 394
2026-04-08 03:05:24,009 - INFO - Fetched Chapter 395
2026-04-08 03:05:24,573 - INFO - Fetched Chapter 397
2026-04-08 03:05:25,150 - INFO - Fetched Chapter 401
2026-04-08 03:05:25,422 - INFO - Fetched Chapter 398
2026-04-08 03:05:25,942 - INFO - Fetched Chapter 400
2026-04-08 03:05:26,076 - INFO - Fetched Chapter 399
2026-04-08 03:05:26,953 - INFO - Fetched Chapter 402
2026-04-08 03:05:38,325 - INFO - Fetched Chapter 408
2026-04-08 03:05:38,714 - INFO - Fetched Chapter 407
2026-04-08 03:05:38,889 - INFO - Fetched Chapter 404
2026-04-08 03:05:39,327 - INFO - Fetched Chapter 406
2026-04-08 03:05:40,160 - INFO - Fetched Chapter 403
2026-04-08 03:05:40,231 - INFO - Fetched Chapter 405
2026-04-08 03:05:40,885 - INFO - Fetched Chapter 410
2026-04-08 03:05:41,212 - INFO - Fetched Chapter 412
2026-04-08 03:05:41,434 - INFO - Fetched Chapter 411
2026-04-08 03:05:41,690 - INFO - Fetched Chapter 409
2026-04-08 03:05:42,223 - INFO - Fetched Chapter 413
2026-04-08 03:05:43,066 - INFO - Fetched Chapter 416
2026-04-08 03:05:43,417 - INFO - Fetched Chapter 414
2026-04-08 03:05:44,353 - INFO - Fetched Chapter 418
2026-04-08 03:05:44,413 - INFO - Fetched Chapter 419
2026-04-08 03:05:44,511 - INFO - Fetched Chapter 415
2026-04-08 03:05:45,002 - INFO - Fetched Chapter 417
2026-04-08 03:05:45,379 - INFO - Fetched Chapter 421
2026-04-08 03:05:45,566 - INFO - Fetched Chapter 420
2026-04-08 03:05:57,019 - INFO - Fetched Chapter 426
2026-04-08 03:05:58,860 - INFO - Fetched Chapter 425
2026-04-08 03:05:59,107 - INFO - Fetched Chapter 428
2026-04-08 03:05:59,120 - INFO - Fetched Chapter 422
2026-04-08 03:05:59,605 - INFO - Fetched Chapter 424
2026-04-08 03:05:59,867 - INFO - Fetched Chapter 423
2026-04-08 03:06:00,122 - INFO - Fetched Chapter 427
2026-04-08 03:06:00,899 - INFO - Fetched Chapter 431
2026-04-08 03:06:01,428 - INFO - Fetched Chapter 429
2026-04-08 03:06:01,716 - INFO - Fetched Chapter 433
2026-04-08 03:06:01,891 - INFO - Fetched Chapter 432
2026-04-08 03:06:02,346 - INFO - Fetched Chapter 430
2026-04-08 03:06:03,170 - INFO - Fetched Chapter 436
2026-04-08 03:06:03,314 - INFO - Fetched Chapter 435
2026-04-08 03:06:03,510 - INFO - Fetched Chapter 434
2026-04-08 03:06:04,120 - INFO - Fetched Chapter 438
2026-04-08 03:06:04,592 - INFO - Fetched Chapter 439
2026-04-08 03:06:05,577 - INFO - Fetched Chapter 437
2026-04-08 03:06:16,863 - INFO - Fetched Chapter 444
2026-04-08 03:06:16,992 - INFO - Fetched Chapter 443
2026-04-08 03:06:17,430 - INFO - Fetched Chapter 441
2026-04-08 03:06:17,634 - INFO - Fetched Chapter 440
2026-04-08 03:06:17,852 - INFO - Fetched Chapter 442
2026-04-08 03:06:18,525 - INFO - Fetched Chapter 445
2026-04-08 03:06:19,440 - INFO - Fetched Chapter 447
2026-04-08 03:06:19,467 - INFO - Fetched Chapter 446
2026-04-08 03:06:20,441 - INFO - Fetched Chapter 451
2026-04-08 03:06:20,477 - INFO - Fetched Chapter 448
2026-04-08 03:06:20,827 - INFO - Fetched Chapter 449
2026-04-08 03:06:21,007 - INFO - Fetched Chapter 450
2026-04-08 03:06:21,610 - INFO - Fetched Chapter 453
2026-04-08 03:06:21,755 - INFO - Fetched Chapter 452
2026-04-08 03:06:22,924 - INFO - Fetched Chapter 455
2026-04-08 03:06:23,225 - INFO - Fetched Chapter 454
2026-04-08 03:06:23,277 - INFO - Fetched Chapter 456
2026-04-08 03:06:23,817 - INFO - Fetched Chapter 457
2026-04-08 03:06:24,457 - INFO - Fetched Chapter 459
2026-04-08 03:06:24,568 - INFO - Fetched Chapter 458
2026-04-08 03:06:37,759 - INFO - Fetched Chapter 460
2026-04-08 03:06:37,812 - INFO - Fetched Chapter 464
2026-04-08 03:06:37,946 - INFO - Fetched Chapter 465
2026-04-08 03:06:38,211 - INFO - Fetched Chapter 463
2026-04-08 03:06:38,634 - INFO - Fetched Chapter 461
2026-04-08 03:06:38,778 - INFO - Fetched Chapter 462
2026-04-08 03:06:39,967 - INFO - Fetched Chapter 468
2026-04-08 03:06:40,052 - INFO - Fetched Chapter 469
2026-04-08 03:06:40,535 - INFO - Fetched Chapter 470
2026-04-08 03:06:40,908 - INFO - Fetched Chapter 471
2026-04-08 03:06:41,079 - INFO - Fetched Chapter 466
2026-04-08 03:06:41,180 - INFO - Fetched Chapter 467
2026-04-08 03:06:41,926 - INFO - Fetched Chapter 472
2026-04-08 03:06:42,388 - INFO - Fetched Chapter 474
2026-04-08 03:06:42,886 - INFO - Fetched Chapter 477
2026-04-08 03:06:42,909 - INFO - Fetched Chapter 476
2026-04-08 03:06:42,925 - INFO - Fetched Chapter 473
2026-04-08 03:06:43,122 - INFO - Fetched Chapter 475
2026-04-08 03:06:44,820 - INFO - Fetched Chapter 481
2026-04-08 03:06:44,933 - INFO - Fetched Chapter 480
2026-04-08 03:06:45,177 - INFO - Fetched Chapter 478
2026-04-08 03:06:45,931 - INFO - Fetched Chapter 479
2026-04-08 03:06:46,313 - INFO - Fetched Chapter 482
2026-04-08 03:06:55,230 - INFO - Fetched Chapter 487
2026-04-08 03:06:57,139 - INFO - Fetched Chapter 486
2026-04-08 03:06:57,141 - INFO - Fetched Chapter 488
2026-04-08 03:06:57,311 - INFO - Fetched Chapter 484
2026-04-08 03:06:57,773 - INFO - Fetched Chapter 483
2026-04-08 03:06:58,364 - INFO - Fetched Chapter 489
2026-04-08 03:06:58,408 - INFO - Fetched Chapter 485
2026-04-08 03:06:59,750 - INFO - Fetched Chapter 492
2026-04-08 03:07:00,224 - INFO - Fetched Chapter 490
2026-04-08 03:07:00,838 - INFO - Fetched Chapter 495
2026-04-08 03:07:00,947 - INFO - Fetched Chapter 493
2026-04-08 03:07:01,423 - INFO - Fetched Chapter 491
2026-04-08 03:07:01,511 - INFO - Fetched Chapter 494
2026-04-08 03:07:01,990 - INFO - Fetched Chapter 497
2026-04-08 03:07:03,087 - INFO - Fetched Chapter 496
2026-04-08 03:07:03,383 - INFO - Fetched Chapter 498
2026-04-08 03:07:03,597 - INFO - Fetched Chapter 501
2026-04-08 03:07:03,836 - INFO - Fetched Chapter 499
2026-04-08 03:07:04,375 - INFO - Fetched Chapter 500
2026-04-08 03:07:04,869 - INFO - Fetched Chapter 502
2026-04-08 03:07:05,426 - INFO - Fetched Chapter 503
2026-04-08 03:07:05,552 - INFO - Fetched Chapter 504
2026-04-08 03:07:06,152 - INFO - Fetched Chapter 505
2026-04-08 03:07:07,297 - INFO - Fetched Chapter 506
2026-04-08 03:07:18,392 - INFO - Fetched Chapter 512
2026-04-08 03:07:18,538 - INFO - Fetched Chapter 510
2026-04-08 03:07:19,075 - INFO - Fetched Chapter 508
2026-04-08 03:07:19,579 - INFO - Fetched Chapter 509
2026-04-08 03:07:19,630 - INFO - Fetched Chapter 507
2026-04-08 03:07:19,693 - INFO - Fetched Chapter 511
2026-04-08 03:07:21,112 - INFO - Fetched Chapter 513
2026-04-08 03:07:21,236 - INFO - Fetched Chapter 514
2026-04-08 03:07:21,985 - INFO - Fetched Chapter 515
2026-04-08 03:07:22,238 - INFO - Fetched Chapter 516
2026-04-08 03:07:22,817 - INFO - Fetched Chapter 518
2026-04-08 03:07:22,842 - INFO - Fetched Chapter 517
2026-04-08 03:07:24,132 - INFO - Fetched Chapter 521
2026-04-08 03:07:24,615 - INFO - Fetched Chapter 520
2026-04-08 03:07:24,640 - INFO - Fetched Chapter 524
2026-04-08 03:07:24,747 - INFO - Fetched Chapter 519
2026-04-08 03:07:25,654 - INFO - Fetched Chapter 522
2026-04-08 03:07:26,113 - INFO - Fetched Chapter 523
2026-04-08 03:07:26,605 - INFO - Fetched Chapter 527
2026-04-08 03:07:26,877 - INFO - Fetched Chapter 526
2026-04-08 03:07:26,998 - INFO - Fetched Chapter 528
2026-04-08 03:07:27,851 - INFO - Fetched Chapter 525
2026-04-08 03:07:39,363 - INFO - Fetched Chapter 532
2026-04-08 03:07:39,846 - INFO - Fetched Chapter 534
2026-04-08 03:07:40,491 - INFO - Fetched Chapter 531
2026-04-08 03:07:40,546 - INFO - Fetched Chapter 533
2026-04-08 03:07:40,737 - INFO - Fetched Chapter 530
2026-04-08 03:07:41,074 - INFO - Fetched Chapter 529
2026-04-08 03:07:42,320 - INFO - Fetched Chapter 535
2026-04-08 03:07:42,345 - INFO - Fetched Chapter 536
2026-04-08 03:07:42,664 - INFO - Fetched Chapter 538
2026-04-08 03:07:43,005 - INFO - Fetched Chapter 539
2026-04-08 03:07:44,135 - INFO - Fetched Chapter 537
2026-04-08 03:07:44,159 - INFO - Fetched Chapter 540
2026-04-08 03:07:44,475 - INFO - Fetched Chapter 541
2026-04-08 03:07:44,627 - INFO - Fetched Chapter 543
2026-04-08 03:07:44,822 - INFO - Fetched Chapter 544
2026-04-08 03:07:44,977 - INFO - Fetched Chapter 542
2026-04-08 03:07:46,355 - INFO - Fetched Chapter 547
2026-04-08 03:07:46,644 - INFO - Fetched Chapter 548
2026-04-08 03:07:46,809 - INFO - Fetched Chapter 549
2026-04-08 03:07:46,810 - INFO - Fetched Chapter 545
2026-04-08 03:07:47,666 - INFO - Fetched Chapter 550
2026-04-08 03:07:47,879 - INFO - Fetched Chapter 546
2026-04-08 03:07:58,737 - INFO - Fetched Chapter 555
2026-04-08 03:08:00,158 - INFO - Fetched Chapter 556
2026-04-08 03:08:00,261 - INFO - Fetched Chapter 551
2026-04-08 03:08:00,803 - INFO - Fetched Chapter 557
2026-04-08 03:08:00,979 - INFO - Fetched Chapter 554
2026-04-08 03:08:01,002 - INFO - Fetched Chapter 552
2026-04-08 03:08:01,545 - INFO - Fetched Chapter 553
2026-04-08 03:08:02,747 - INFO - Fetched Chapter 559
2026-04-08 03:08:03,325 - INFO - Fetched Chapter 560
2026-04-08 03:08:03,454 - INFO - Fetched Chapter 558
2026-04-08 03:08:03,946 - INFO - Fetched Chapter 562
2026-04-08 03:08:04,639 - INFO - Fetched Chapter 561
2026-04-08 03:08:04,905 - INFO - Fetched Chapter 564
2026-04-08 03:08:05,069 - INFO - Fetched Chapter 563
2026-04-08 03:08:05,226 - INFO - Fetched Chapter 566
2026-04-08 03:08:05,718 - INFO - Fetched Chapter 567
2026-04-08 03:08:06,077 - INFO - Fetched Chapter 565
2026-04-08 03:08:06,485 - INFO - Fetched Chapter 568
2026-04-08 03:08:06,930 - INFO - Fetched Chapter 570
2026-04-08 03:08:07,933 - INFO - Fetched Chapter 571
2026-04-08 03:08:08,099 - INFO - Fetched Chapter 569
2026-04-08 03:08:20,243 - INFO - Fetched Chapter 575
2026-04-08 03:08:20,857 - INFO - Fetched Chapter 573
2026-04-08 03:08:21,530 - INFO - Fetched Chapter 572
2026-04-08 03:08:21,575 - INFO - Fetched Chapter 576
2026-04-08 03:08:21,686 - INFO - Fetched Chapter 577
2026-04-08 03:08:22,147 - INFO - Fetched Chapter 574
2026-04-08 03:08:23,731 - INFO - Fetched Chapter 578
2026-04-08 03:08:24,155 - INFO - Fetched Chapter 581
2026-04-08 03:08:24,216 - INFO - Fetched Chapter 580
2026-04-08 03:08:24,399 - INFO - Fetched Chapter 579
2026-04-08 03:08:25,147 - INFO - Fetched Chapter 582
2026-04-08 03:08:25,614 - INFO - Fetched Chapter 583
2026-04-08 03:08:26,315 - INFO - Fetched Chapter 587
2026-04-08 03:08:26,610 - INFO - Fetched Chapter 585
2026-04-08 03:08:26,710 - INFO - Fetched Chapter 584
2026-04-08 03:08:27,130 - INFO - Fetched Chapter 586
2026-04-08 03:08:28,478 - INFO - Fetched Chapter 588
2026-04-08 03:08:28,490 - INFO - Fetched Chapter 590
2026-04-08 03:08:28,730 - INFO - Fetched Chapter 592
2026-04-08 03:08:28,776 - INFO - Fetched Chapter 591
2026-04-08 03:08:28,822 - INFO - Fetched Chapter 589
2026-04-08 03:08:30,009 - INFO - Fetched Chapter 593
2026-04-08 03:08:41,875 - INFO - Fetched Chapter 596
2026-04-08 03:08:42,254 - INFO - Fetched Chapter 599
2026-04-08 03:08:42,517 - INFO - Fetched Chapter 597
2026-04-08 03:08:42,595 - INFO - Fetched Chapter 598
2026-04-08 03:08:42,838 - INFO - Fetched Chapter 594
2026-04-08 03:08:43,504 - INFO - Fetched Chapter 595
2026-04-08 03:08:44,390 - INFO - Fetched Chapter 602
2026-04-08 03:08:44,561 - INFO - Fetched Chapter 603
2026-04-08 03:08:44,999 - INFO - Fetched Chapter 600
2026-04-08 03:08:45,972 - INFO - Fetched Chapter 601
2026-04-08 03:08:46,142 - INFO - Fetched Chapter 605
2026-04-08 03:08:46,373 - INFO - Fetched Chapter 607
2026-04-08 03:08:46,415 - INFO - Fetched Chapter 604
2026-04-08 03:08:47,497 - INFO - Fetched Chapter 608
2026-04-08 03:08:48,020 - INFO - Fetched Chapter 606
2026-04-08 03:08:58,553 - INFO - Fetched Chapter 612
2026-04-08 03:09:00,231 - INFO - Fetched Chapter 614
2026-04-08 03:09:00,339 - INFO - Fetched Chapter 610
2026-04-08 03:09:00,735 - INFO - Fetched Chapter 609
2026-04-08 03:09:01,278 - INFO - Fetched Chapter 611
2026-04-08 03:09:01,313 - INFO - Fetched Chapter 615
2026-04-08 03:09:02,211 - INFO - Fetched Chapter 613
2026-04-08 03:09:02,229 - INFO - Fetched Chapter 617
2026-04-08 03:09:02,431 - INFO - Fetched Chapter 616
2026-04-08 03:09:03,550 - INFO - Fetched Chapter 618
2026-04-08 03:09:03,908 - INFO - Fetched Chapter 620
2026-04-08 03:09:04,265 - INFO - Fetched Chapter 621
2026-04-08 03:09:04,336 - INFO - Fetched Chapter 623
2026-04-08 03:09:04,722 - INFO - Fetched Chapter 619
2026-04-08 03:09:05,379 - INFO - Fetched Chapter 622
2026-04-08 03:09:06,828 - INFO - Fetched Chapter 625
2026-04-08 03:09:07,133 - INFO - Fetched Chapter 624
2026-04-08 03:09:07,165 - INFO - Fetched Chapter 628
2026-04-08 03:09:07,636 - INFO - Fetched Chapter 626
2026-04-08 03:09:07,920 - INFO - Fetched Chapter 627
2026-04-08 03:09:19,239 - INFO - Fetched Chapter 630
2026-04-08 03:09:19,598 - INFO - Fetched Chapter 631
2026-04-08 03:09:19,834 - INFO - Fetched Chapter 629
2026-04-08 03:09:20,217 - INFO - Fetched Chapter 633
2026-04-08 03:09:20,457 - INFO - Fetched Chapter 632
2026-04-08 03:09:20,573 - INFO - Fetched Chapter 634
2026-04-08 03:09:20,978 - INFO - Fetched Chapter 635
2026-04-08 03:09:21,438 - INFO - Fetched Chapter 636
2026-04-08 03:09:21,919 - INFO - Fetched Chapter 638
2026-04-08 03:09:22,035 - INFO - Fetched Chapter 639
2026-04-08 03:09:22,284 - INFO - Fetched Chapter 637
2026-04-08 03:09:22,872 - INFO - Fetched Chapter 640
2026-04-08 03:09:23,415 - INFO - Fetched Chapter 642
2026-04-08 03:09:23,629 - INFO - Fetched Chapter 641
2026-04-08 03:09:24,092 - INFO - Fetched Chapter 643
2026-04-08 03:09:25,163 - INFO - Fetched Chapter 645
2026-04-08 03:09:25,467 - INFO - Fetched Chapter 644
2026-04-08 03:09:25,557 - INFO - Fetched Chapter 647
2026-04-08 03:09:25,643 - INFO - Fetched Chapter 646
2026-04-08 03:09:37,646 - INFO - Fetched Chapter 648
2026-04-08 03:09:37,793 - INFO - Fetched Chapter 652
2026-04-08 03:09:38,445 - INFO - Fetched Chapter 649
2026-04-08 03:09:38,618 - INFO - Fetched Chapter 653
2026-04-08 03:09:38,700 - INFO - Fetched Chapter 650
2026-04-08 03:09:39,231 - INFO - Fetched Chapter 651
2026-04-08 03:09:40,481 - INFO - Fetched Chapter 658
2026-04-08 03:09:40,853 - INFO - Fetched Chapter 654
2026-04-08 03:09:41,121 - INFO - Fetched Chapter 655
2026-04-08 03:09:41,307 - INFO - Fetched Chapter 657
2026-04-08 03:09:41,611 - INFO - Fetched Chapter 659
2026-04-08 03:09:41,858 - INFO - Fetched Chapter 656
2026-04-08 03:09:43,413 - INFO - Fetched Chapter 662
2026-04-08 03:09:43,530 - INFO - Fetched Chapter 664
2026-04-08 03:09:43,602 - INFO - Fetched Chapter 665
2026-04-08 03:09:44,181 - INFO - Fetched Chapter 660
2026-04-08 03:09:44,248 - INFO - Fetched Chapter 663
2026-04-08 03:09:44,502 - INFO - Fetched Chapter 661
2026-04-08 03:09:45,694 - INFO - Fetched Chapter 668
2026-04-08 03:09:46,063 - INFO - Fetched Chapter 667
2026-04-08 03:09:46,080 - INFO - Fetched Chapter 666
2026-04-08 03:09:46,519 - INFO - Fetched Chapter 669
2026-04-08 03:09:58,840 - INFO - Fetched Chapter 672
2026-04-08 03:09:59,167 - INFO - Fetched Chapter 673
2026-04-08 03:09:59,180 - INFO - Fetched Chapter 670
2026-04-08 03:09:59,421 - INFO - Fetched Chapter 671
2026-04-08 03:09:59,758 - INFO - Fetched Chapter 674
2026-04-08 03:10:00,245 - INFO - Fetched Chapter 675
2026-04-08 03:10:01,094 - INFO - Fetched Chapter 677
2026-04-08 03:10:01,565 - INFO - Fetched Chapter 678
2026-04-08 03:10:02,554 - INFO - Fetched Chapter 676
2026-04-08 03:10:02,904 - INFO - Fetched Chapter 679
2026-04-08 03:10:03,050 - INFO - Fetched Chapter 681
2026-04-08 03:10:03,228 - INFO - Fetched Chapter 680
2026-04-08 03:10:03,565 - INFO - Fetched Chapter 682
2026-04-08 03:10:04,754 - INFO - Fetched Chapter 683
2026-04-08 03:10:04,862 - INFO - Fetched Chapter 685
2026-04-08 03:10:05,575 - INFO - Fetched Chapter 686
2026-04-08 03:10:06,301 - INFO - Fetched Chapter 684
2026-04-08 03:10:06,357 - INFO - Fetched Chapter 688
2026-04-08 03:10:06,978 - INFO - Fetched Chapter 687
2026-04-08 03:10:18,893 - INFO - Fetched Chapter 694
2026-04-08 03:10:18,915 - INFO - Fetched Chapter 689
2026-04-08 03:10:20,321 - INFO - Fetched Chapter 691
2026-04-08 03:10:20,382 - INFO - Fetched Chapter 690
2026-04-08 03:10:20,497 - INFO - Fetched Chapter 693
2026-04-08 03:10:20,897 - INFO - Fetched Chapter 695
2026-04-08 03:10:20,913 - INFO - Fetched Chapter 692
2026-04-08 03:10:21,677 - INFO - Fetched Chapter 696
2026-04-08 03:10:22,244 - INFO - Fetched Chapter 697
2026-04-08 03:10:22,518 - INFO - Fetched Chapter 698
2026-04-08 03:10:22,768 - INFO - Fetched Chapter 701
2026-04-08 03:10:22,913 - INFO - Fetched Chapter 700
2026-04-08 03:10:23,110 - INFO - Fetched Chapter 699
2026-04-08 03:10:23,551 - INFO - Fetched Chapter 702
2026-04-08 03:10:24,675 - INFO - Fetched Chapter 704
2026-04-08 03:10:25,551 - INFO - Fetched Chapter 703
2026-04-08 03:10:25,678 - INFO - Fetched Chapter 708
2026-04-08 03:10:26,079 - INFO - Fetched Chapter 706
2026-04-08 03:10:26,100 - INFO - Fetched Chapter 705
2026-04-08 03:10:26,467 - INFO - Fetched Chapter 707
2026-04-08 03:10:37,426 - INFO - Fetched Chapter 711
2026-04-08 03:10:38,122 - INFO - Fetched Chapter 709
2026-04-08 03:10:38,473 - INFO - Fetched Chapter 714
2026-04-08 03:10:39,202 - INFO - Fetched Chapter 713
2026-04-08 03:10:39,337 - INFO - Fetched Chapter 712
2026-04-08 03:10:39,993 - INFO - Fetched Chapter 715
2026-04-08 03:10:40,275 - INFO - Fetched Chapter 710
2026-04-08 03:10:40,739 - INFO - Fetched Chapter 717
2026-04-08 03:10:41,119 - INFO - Fetched Chapter 718
2026-04-08 03:10:41,135 - INFO - Fetched Chapter 716
2026-04-08 03:10:42,599 - INFO - Fetched Chapter 722
2026-04-08 03:10:42,881 - INFO - Fetched Chapter 719
2026-04-08 03:10:43,034 - INFO - Fetched Chapter 724
2026-04-08 03:10:43,212 - INFO - Fetched Chapter 720
2026-04-08 03:10:43,274 - INFO - Fetched Chapter 723
2026-04-08 03:10:43,713 - INFO - Fetched Chapter 721
2026-04-08 03:10:44,387 - INFO - Fetched Chapter 725
2026-04-08 03:10:45,247 - INFO - Fetched Chapter 729
2026-04-08 03:10:45,387 - INFO - Fetched Chapter 728
2026-04-08 03:10:45,511 - INFO - Fetched Chapter 726
2026-04-08 03:10:45,832 - INFO - Fetched Chapter 730
2026-04-08 03:10:46,697 - INFO - Fetched Chapter 727
2026-04-08 03:10:56,627 - INFO - Fetched Chapter 736
2026-04-08 03:10:57,841 - INFO - Fetched Chapter 735
2026-04-08 03:10:58,979 - INFO - Fetched Chapter 737
2026-04-08 03:10:59,400 - INFO - Fetched Chapter 732
2026-04-08 03:10:59,577 - INFO - Fetched Chapter 731
2026-04-08 03:10:59,682 - INFO - Fetched Chapter 734
2026-04-08 03:10:59,937 - INFO - Fetched Chapter 733
2026-04-08 03:10:59,965 - INFO - Fetched Chapter 738
2026-04-08 03:11:01,982 - INFO - Fetched Chapter 741
2026-04-08 03:11:02,171 - INFO - Fetched Chapter 740
2026-04-08 03:11:02,401 - INFO - Fetched Chapter 739
2026-04-08 03:11:02,443 - INFO - Fetched Chapter 743
2026-04-08 03:11:03,260 - INFO - Fetched Chapter 742
2026-04-08 03:11:03,273 - INFO - Fetched Chapter 744
2026-04-08 03:11:03,798 - INFO - Fetched Chapter 745
2026-04-08 03:11:04,769 - INFO - Fetched Chapter 746
2026-04-08 03:11:04,864 - INFO - Fetched Chapter 748
2026-04-08 03:11:05,212 - INFO - Fetched Chapter 749
2026-04-08 03:11:05,352 - INFO - Fetched Chapter 747
2026-04-08 03:11:06,410 - INFO - Fetched Chapter 750
2026-04-08 03:11:06,618 - INFO - Fetched Chapter 751
2026-04-08 03:11:18,970 - INFO - Fetched Chapter 753
2026-04-08 03:11:19,552 - INFO - Fetched Chapter 752
2026-04-08 03:11:19,840 - INFO - Fetched Chapter 754
2026-04-08 03:11:20,006 - INFO - Fetched Chapter 757
2026-04-08 03:11:20,666 - INFO - Fetched Chapter 756
2026-04-08 03:11:20,801 - INFO - Fetched Chapter 755
2026-04-08 03:11:20,906 - INFO - Fetched Chapter 758
2026-04-08 03:11:22,307 - INFO - Fetched Chapter 761
2026-04-08 03:11:22,470 - INFO - Fetched Chapter 759
2026-04-08 03:11:22,807 - INFO - Fetched Chapter 762
2026-04-08 03:11:23,353 - INFO - Fetched Chapter 760
2026-04-08 03:11:23,409 - INFO - Fetched Chapter 763
2026-04-08 03:11:23,514 - INFO - Fetched Chapter 764
2026-04-08 03:11:24,951 - INFO - Fetched Chapter 766
2026-04-08 03:11:25,187 - INFO - Fetched Chapter 765
2026-04-08 03:11:25,733 - INFO - Fetched Chapter 769
2026-04-08 03:11:25,768 - INFO - Fetched Chapter 767
2026-04-08 03:11:26,579 - INFO - Fetched Chapter 768
2026-04-08 03:11:27,096 - INFO - Fetched Chapter 770
2026-04-08 03:11:38,155 - INFO - Fetched Chapter 775
2026-04-08 03:11:38,458 - INFO - Fetched Chapter 774
2026-04-08 03:11:39,423 - INFO - Fetched Chapter 771
2026-04-08 03:11:39,447 - INFO - Fetched Chapter 772
2026-04-08 03:11:40,096 - INFO - Fetched Chapter 773
2026-04-08 03:11:40,742 - INFO - Fetched Chapter 776
2026-04-08 03:11:40,968 - INFO - Fetched Chapter 777
2026-04-08 03:11:41,177 - INFO - Fetched Chapter 778
2026-04-08 03:11:42,021 - INFO - Fetched Chapter 779
2026-04-08 03:11:42,173 - INFO - Fetched Chapter 780
2026-04-08 03:11:42,192 - INFO - Fetched Chapter 781
2026-04-08 03:11:42,805 - INFO - Fetched Chapter 782
2026-04-08 03:11:44,099 - INFO - Fetched Chapter 783
2026-04-08 03:11:44,505 - INFO - Fetched Chapter 784
2026-04-08 03:11:44,851 - INFO - Fetched Chapter 785
2026-04-08 03:11:45,160 - INFO - Fetched Chapter 787
2026-04-08 03:11:45,587 - INFO - Fetched Chapter 788
2026-04-08 03:11:45,613 - INFO - Fetched Chapter 786
2026-04-08 03:11:46,115 - INFO - Fetched Chapter 789
2026-04-08 03:11:57,800 - INFO - Fetched Chapter 791
2026-04-08 03:11:59,005 - INFO - Fetched Chapter 790
2026-04-08 03:11:59,028 - INFO - Fetched Chapter 795
2026-04-08 03:11:59,946 - INFO - Fetched Chapter 793
2026-04-08 03:11:59,990 - INFO - Fetched Chapter 792
2026-04-08 03:12:00,097 - INFO - Fetched Chapter 794
2026-04-08 03:12:01,074 - INFO - Fetched Chapter 798
2026-04-08 03:12:01,367 - INFO - Fetched Chapter 797
2026-04-08 03:12:01,544 - INFO - Fetched Chapter 796
2026-04-08 03:12:02,042 - INFO - Fetched Chapter 800
2026-04-08 03:12:03,200 - INFO - Fetched Chapter 801
2026-04-08 03:12:03,244 - INFO - Fetched Chapter 799
2026-04-08 03:12:03,632 - INFO - Fetched Chapter 803
2026-04-08 03:12:03,847 - INFO - Fetched Chapter 802
2026-04-08 03:12:04,866 - INFO - Fetched Chapter 804
2026-04-08 03:12:04,959 - INFO - Fetched Chapter 805
2026-04-08 03:12:05,166 - INFO - Fetched Chapter 807
2026-04-08 03:12:05,544 - INFO - Fetched Chapter 808
2026-04-08 03:12:06,193 - INFO - Fetched Chapter 809
2026-04-08 03:12:06,749 - INFO - Fetched Chapter 806
2026-04-08 03:12:18,772 - INFO - Fetched Chapter 814
2026-04-08 03:12:19,479 - INFO - Fetched Chapter 812
2026-04-08 03:12:19,701 - INFO - Fetched Chapter 815
2026-04-08 03:12:20,260 - INFO - Fetched Chapter 813
2026-04-08 03:12:20,434 - INFO - Fetched Chapter 810
2026-04-08 03:12:20,650 - INFO - Fetched Chapter 811
2026-04-08 03:12:21,358 - INFO - Fetched Chapter 816
2026-04-08 03:12:22,605 - INFO - Fetched Chapter 821
2026-04-08 03:12:22,767 - INFO - Fetched Chapter 817
2026-04-08 03:12:23,207 - INFO - Fetched Chapter 818
2026-04-08 03:12:23,372 - INFO - Fetched Chapter 820
2026-04-08 03:12:23,552 - INFO - Fetched Chapter 822
2026-04-08 03:12:23,973 - INFO - Fetched Chapter 819
2026-04-08 03:12:25,267 - INFO - Fetched Chapter 824
2026-04-08 03:12:25,450 - INFO - Fetched Chapter 823
2026-04-08 03:12:25,748 - INFO - Fetched Chapter 826
2026-04-08 03:12:26,170 - INFO - Fetched Chapter 828
2026-04-08 03:12:26,207 - INFO - Fetched Chapter 827
2026-04-08 03:12:26,634 - INFO - Fetched Chapter 825
2026-04-08 03:12:39,089 - INFO - Fetched Chapter 833
2026-04-08 03:12:39,868 - INFO - Fetched Chapter 832
2026-04-08 03:12:40,275 - INFO - Fetched Chapter 829
2026-04-08 03:12:40,305 - INFO - Fetched Chapter 831
2026-04-08 03:12:40,324 - INFO - Fetched Chapter 834
2026-04-08 03:12:40,657 - INFO - Fetched Chapter 830
2026-04-08 03:12:42,257 - INFO - Fetched Chapter 836
2026-04-08 03:12:42,494 - INFO - Fetched Chapter 835
2026-04-08 03:12:43,464 - INFO - Fetched Chapter 837
2026-04-08 03:12:43,672 - INFO - Fetched Chapter 840
2026-04-08 03:12:43,881 - INFO - Fetched Chapter 839
2026-04-08 03:12:44,023 - INFO - Fetched Chapter 838
2026-04-08 03:12:45,193 - INFO - Fetched Chapter 841
2026-04-08 03:12:45,235 - INFO - Fetched Chapter 843
2026-04-08 03:12:45,660 - INFO - Fetched Chapter 842
2026-04-08 03:12:46,234 - INFO - Fetched Chapter 846
2026-04-08 03:12:46,929 - INFO - Fetched Chapter 845
2026-04-08 03:12:47,047 - INFO - Fetched Chapter 844
2026-04-08 03:12:47,680 - INFO - Fetched Chapter 848
2026-04-08 03:12:48,191 - INFO - Fetched Chapter 847
2026-04-08 03:12:48,724 - INFO - Fetched Chapter 849
2026-04-08 03:12:58,920 - INFO - Fetched Chapter 853
2026-04-08 03:12:59,213 - INFO - Fetched Chapter 850
2026-04-08 03:13:00,655 - INFO - Fetched Chapter 851
2026-04-08 03:13:00,812 - INFO - Fetched Chapter 856
2026-04-08 03:13:01,026 - INFO - Fetched Chapter 855
2026-04-08 03:13:01,240 - INFO - Fetched Chapter 854
2026-04-08 03:13:01,286 - INFO - Fetched Chapter 852
2026-04-08 03:13:02,346 - INFO - Fetched Chapter 857
2026-04-08 03:13:03,173 - INFO - Fetched Chapter 862
2026-04-08 03:13:03,776 - INFO - Fetched Chapter 861
2026-04-08 03:13:04,004 - INFO - Fetched Chapter 858
2026-04-08 03:13:04,421 - INFO - Fetched Chapter 859
2026-04-08 03:13:04,599 - INFO - Fetched Chapter 860
2026-04-08 03:13:05,250 - INFO - Fetched Chapter 863
2026-04-08 03:13:05,288 - INFO - Fetched Chapter 864
2026-04-08 03:13:06,154 - INFO - Fetched Chapter 867
2026-04-08 03:13:06,257 - INFO - Fetched Chapter 865
2026-04-08 03:13:06,357 - INFO - Fetched Chapter 866
2026-04-08 03:13:07,457 - INFO - Fetched Chapter 868
2026-04-08 03:13:08,375 - INFO - Fetched Chapter 869
2026-04-08 03:13:08,448 - INFO - Fetched Chapter 870
2026-04-08 03:13:20,295 - INFO - Fetched Chapter 872
2026-04-08 03:13:20,334 - INFO - Fetched Chapter 874
2026-04-08 03:13:21,071 - INFO - Fetched Chapter 871
2026-04-08 03:13:21,146 - INFO - Fetched Chapter 876
2026-04-08 03:13:21,260 - INFO - Fetched Chapter 875
2026-04-08 03:13:22,048 - INFO - Fetched Chapter 873
2026-04-08 03:13:22,557 - INFO - Fetched Chapter 878
2026-04-08 03:13:23,130 - INFO - Fetched Chapter 881
2026-04-08 03:13:23,267 - INFO - Fetched Chapter 880
2026-04-08 03:13:23,569 - INFO - Fetched Chapter 877
2026-04-08 03:13:23,958 - INFO - Fetched Chapter 879
2026-04-08 03:13:24,223 - INFO - Fetched Chapter 882
2026-04-08 03:13:24,511 - INFO - Fetched Chapter 883
2026-04-08 03:13:25,267 - INFO - Fetched Chapter 884
2026-04-08 03:13:25,653 - INFO - Fetched Chapter 885
2026-04-08 03:13:26,348 - INFO - Fetched Chapter 888
2026-04-08 03:13:26,541 - INFO - Fetched Chapter 887
2026-04-08 03:13:27,133 - INFO - Fetched Chapter 886
2026-04-08 03:13:27,850 - INFO - Fetched Chapter 889
2026-04-08 03:13:38,733 - INFO - Fetched Chapter 895
2026-04-08 03:13:39,773 - INFO - Fetched Chapter 890
2026-04-08 03:13:40,495 - INFO - Fetched Chapter 893
2026-04-08 03:13:40,574 - INFO - Fetched Chapter 894
2026-04-08 03:13:40,612 - INFO - Fetched Chapter 891
2026-04-08 03:13:40,793 - INFO - Fetched Chapter 892
2026-04-08 03:13:42,240 - INFO - Fetched Chapter 896
2026-04-08 03:13:42,502 - INFO - Fetched Chapter 897
2026-04-08 03:13:42,942 - INFO - Fetched Chapter 901
2026-04-08 03:13:43,321 - INFO - Fetched Chapter 900
2026-04-08 03:13:43,795 - INFO - Fetched Chapter 898
2026-04-08 03:13:44,070 - INFO - Fetched Chapter 899
2026-04-08 03:13:44,778 - INFO - Fetched Chapter 904
2026-04-08 03:13:45,255 - INFO - Fetched Chapter 902
2026-04-08 03:13:45,466 - INFO - Fetched Chapter 905
2026-04-08 03:13:45,658 - INFO - Fetched Chapter 903
2026-04-08 03:13:46,030 - INFO - Fetched Chapter 906
2026-04-08 03:13:46,469 - INFO - Fetched Chapter 907
2026-04-08 03:13:47,459 - INFO - Fetched Chapter 909
2026-04-08 03:13:48,127 - INFO - Fetched Chapter 908
2026-04-08 03:13:48,159 - INFO - Fetched Chapter 910
2026-04-08 03:13:58,686 - INFO - Fetched Chapter 911
2026-04-08 03:13:59,158 - INFO - Fetched Chapter 916
2026-04-08 03:13:59,834 - INFO - Fetched Chapter 913
2026-04-08 03:14:00,046 - INFO - Fetched Chapter 912
2026-04-08 03:14:00,412 - INFO - Fetched Chapter 914
2026-04-08 03:14:00,922 - INFO - Fetched Chapter 915
2026-04-08 03:14:01,883 - INFO - Fetched Chapter 917
2026-04-08 03:14:01,885 - INFO - Fetched Chapter 918
2026-04-08 03:14:03,118 - INFO - Fetched Chapter 922
2026-04-08 03:14:03,163 - INFO - Fetched Chapter 919
2026-04-08 03:14:03,374 - INFO - Fetched Chapter 920
2026-04-08 03:14:03,698 - INFO - Fetched Chapter 921
2026-04-08 03:14:03,856 - INFO - Fetched Chapter 923
2026-04-08 03:14:05,315 - INFO - Fetched Chapter 924
2026-04-08 03:14:05,565 - INFO - Fetched Chapter 928
2026-04-08 03:14:06,272 - INFO - Fetched Chapter 927
2026-04-08 03:14:06,355 - INFO - Fetched Chapter 926
2026-04-08 03:14:06,556 - INFO - Fetched Chapter 925
2026-04-08 03:14:07,450 - INFO - Fetched Chapter 929
2026-04-08 03:14:07,735 - INFO - Fetched Chapter 930
2026-04-08 03:14:08,569 - INFO - Fetched Chapter 931
2026-04-08 03:14:20,338 - INFO - Fetched Chapter 935
2026-04-08 03:14:20,350 - INFO - Fetched Chapter 937
2026-04-08 03:14:21,093 - INFO - Fetched Chapter 933
2026-04-08 03:14:21,456 - INFO - Fetched Chapter 936
2026-04-08 03:14:22,004 - INFO - Fetched Chapter 934
2026-04-08 03:14:22,103 - INFO - Fetched Chapter 932
2026-04-08 03:14:22,612 - INFO - Fetched Chapter 938
2026-04-08 03:14:22,795 - INFO - Fetched Chapter 939
2026-04-08 03:14:23,281 - INFO - Fetched Chapter 940
2026-04-08 03:14:23,797 - INFO - Fetched Chapter 942
2026-04-08 03:14:23,931 - INFO - Fetched Chapter 943
2026-04-08 03:14:24,876 - INFO - Fetched Chapter 941
2026-04-08 03:14:24,917 - INFO - Fetched Chapter 945
2026-04-08 03:14:24,929 - INFO - Fetched Chapter 944
2026-04-08 03:14:25,840 - INFO - Fetched Chapter 946
2026-04-08 03:14:27,059 - INFO - Fetched Chapter 947
2026-04-08 03:14:27,365 - INFO - Fetched Chapter 948
2026-04-08 03:14:27,586 - INFO - Fetched Chapter 950
2026-04-08 03:14:27,803 - INFO - Fetched Chapter 949
2026-04-08 03:14:27,819 - INFO - Fetched Chapter 951
2026-04-08 03:14:38,728 - INFO - Fetched Chapter 952
2026-04-08 03:14:39,478 - INFO - Fetched Chapter 955
2026-04-08 03:14:40,635 - INFO - Fetched Chapter 953
2026-04-08 03:14:40,677 - INFO - Fetched Chapter 958
2026-04-08 03:14:41,114 - INFO - Fetched Chapter 956
2026-04-08 03:14:41,603 - INFO - Fetched Chapter 957
2026-04-08 03:14:41,967 - INFO - Fetched Chapter 954
2026-04-08 03:14:41,992 - INFO - Fetched Chapter 959
2026-04-08 03:14:42,869 - INFO - Fetched Chapter 962
2026-04-08 03:14:43,279 - INFO - Fetched Chapter 961
2026-04-08 03:14:43,806 - INFO - Fetched Chapter 965
2026-04-08 03:14:43,881 - INFO - Fetched Chapter 963
2026-04-08 03:14:44,070 - INFO - Fetched Chapter 960
2026-04-08 03:14:44,435 - INFO - Fetched Chapter 964
2026-04-08 03:14:45,010 - INFO - Fetched Chapter 966
2026-04-08 03:14:45,269 - INFO - Fetched Chapter 967
2026-04-08 03:14:45,780 - INFO - Fetched Chapter 969
2026-04-08 03:14:45,915 - INFO - Fetched Chapter 970
2026-04-08 03:14:46,012 - INFO - Fetched Chapter 968
2026-04-08 03:14:46,826 - INFO - Fetched Chapter 971
2026-04-08 03:14:58,920 - INFO - Fetched Chapter 976
2026-04-08 03:14:59,237 - INFO - Fetched Chapter 973
2026-04-08 03:14:59,933 - INFO - Fetched Chapter 977
2026-04-08 03:15:00,295 - INFO - Fetched Chapter 974
2026-04-08 03:15:00,335 - INFO - Fetched Chapter 975
2026-04-08 03:15:00,844 - INFO - Fetched Chapter 972
2026-04-08 03:15:01,236 - INFO - Fetched Chapter 979
2026-04-08 03:15:01,654 - INFO - Fetched Chapter 978
2026-04-08 03:15:02,309 - INFO - Fetched Chapter 980
2026-04-08 03:15:02,727 - INFO - Fetched Chapter 983
2026-04-08 03:15:03,030 - INFO - Fetched Chapter 981
2026-04-08 03:15:03,891 - INFO - Fetched Chapter 982
2026-04-08 03:15:04,492 - INFO - Fetched Chapter 984
2026-04-08 03:15:04,559 - INFO - Fetched Chapter 985
2026-04-08 03:15:04,932 - INFO - Fetched Chapter 986
2026-04-08 03:15:05,262 - INFO - Fetched Chapter 988
2026-04-08 03:15:05,748 - INFO - Fetched Chapter 987
2026-04-08 03:15:07,383 - INFO - Fetched Chapter 989
2026-04-08 03:15:17,751 - INFO - Fetched Chapter 992
2026-04-08 03:15:18,365 - INFO - Fetched Chapter 993
2026-04-08 03:15:18,679 - INFO - Fetched Chapter 994
2026-04-08 03:15:19,265 - INFO - Fetched Chapter 995
2026-04-08 03:15:19,319 - INFO - Fetched Chapter 990
2026-04-08 03:15:19,769 - INFO - Fetched Chapter 991
2026-04-08 03:15:20,764 - INFO - Fetched Chapter 997
2026-04-08 03:15:20,982 - INFO - Fetched Chapter 998
2026-04-08 03:15:21,219 - INFO - Fetched Chapter 996
2026-04-08 03:15:21,432 - INFO - Fetched Chapter 1000
2026-04-08 03:15:21,829 - INFO - Fetched Chapter 1001
2026-04-08 03:15:21,934 - INFO - Fetched Chapter 999
2026-04-08 03:15:23,257 - INFO - Fetched Chapter 1003
2026-04-08 03:15:23,760 - INFO - Fetched Chapter 1005
2026-04-08 03:15:24,069 - INFO - Fetched Chapter 1002
2026-04-08 03:15:24,752 - INFO - Fetched Chapter 1004
2026-04-08 03:15:25,234 - INFO - Fetched Chapter 1007
2026-04-08 03:15:25,483 - INFO - Fetched Chapter 1006
2026-04-08 03:15:25,985 - INFO - Fetched Chapter 1008
2026-04-08 03:15:26,217 - INFO - Fetched Chapter 1010
2026-04-08 03:15:26,788 - INFO - Fetched Chapter 1009
2026-04-08 03:15:27,759 - INFO - Fetched Chapter 1011
2026-04-08 03:15:37,639 - INFO - Fetched Chapter 1012
2026-04-08 03:15:37,944 - INFO - Fetched Chapter 1016
2026-04-08 03:15:39,163 - INFO - Fetched Chapter 1017
2026-04-08 03:15:39,536 - INFO - Fetched Chapter 1014
2026-04-08 03:15:39,913 - INFO - Fetched Chapter 1013
2026-04-08 03:15:40,513 - INFO - Fetched Chapter 1018
2026-04-08 03:15:40,527 - INFO - Fetched Chapter 1015
2026-04-08 03:15:40,806 - INFO - Fetched Chapter 1019
2026-04-08 03:15:41,601 - INFO - Fetched Chapter 1021
2026-04-08 03:15:41,832 - INFO - Fetched Chapter 1022
2026-04-08 03:15:42,897 - INFO - Fetched Chapter 1020
2026-04-08 03:15:43,351 - INFO - Fetched Chapter 1025
2026-04-08 03:15:43,442 - INFO - Fetched Chapter 1024
2026-04-08 03:15:43,966 - INFO - Fetched Chapter 1026
2026-04-08 03:15:44,057 - INFO - Fetched Chapter 1023
2026-04-08 03:15:45,399 - INFO - Fetched Chapter 1027
2026-04-08 03:15:45,733 - INFO - Fetched Chapter 1030
2026-04-08 03:15:46,487 - INFO - Fetched Chapter 1029
2026-04-08 03:15:46,513 - INFO - Fetched Chapter 1028
2026-04-08 03:15:46,689 - INFO - Fetched Chapter 1031
2026-04-08 03:15:47,369 - INFO - Fetched Chapter 1032
2026-04-08 03:15:59,147 - INFO - Fetched Chapter 1037
2026-04-08 03:15:59,263 - INFO - Fetched Chapter 1033
2026-04-08 03:15:59,900 - INFO - Fetched Chapter 1035
2026-04-08 03:16:00,062 - INFO - Fetched Chapter 1034
2026-04-08 03:16:00,113 - INFO - Fetched Chapter 1036
2026-04-08 03:16:00,952 - INFO - Fetched Chapter 1038
2026-04-08 03:16:01,086 - INFO - Fetched Chapter 1039
2026-04-08 03:16:01,851 - INFO - Fetched Chapter 1040
2026-04-08 03:16:02,205 - INFO - Fetched Chapter 1042
2026-04-08 03:16:02,357 - INFO - Fetched Chapter 1043
2026-04-08 03:16:02,959 - INFO - Fetched Chapter 1045
2026-04-08 03:16:03,155 - INFO - Fetched Chapter 1041
2026-04-08 03:16:03,842 - INFO - Fetched Chapter 1044
2026-04-08 03:16:03,888 - INFO - Fetched Chapter 1046
2026-04-08 03:16:04,350 - INFO - Fetched Chapter 1047
2026-04-08 03:16:04,961 - INFO - Fetched Chapter 1048
2026-04-08 03:16:05,227 - INFO - Fetched Chapter 1049
2026-04-08 03:16:05,578 - INFO - Fetched Chapter 1050
2026-04-08 03:16:18,339 - INFO - Fetched Chapter 1055
2026-04-08 03:16:18,451 - INFO - Fetched Chapter 1054
2026-04-08 03:16:18,867 - INFO - Fetched Chapter 1052
2026-04-08 03:16:19,014 - INFO - Fetched Chapter 1053
2026-04-08 03:16:19,284 - INFO - Fetched Chapter 1051
2026-04-08 03:16:19,960 - INFO - Fetched Chapter 1056
2026-04-08 03:16:20,807 - INFO - Fetched Chapter 1059
2026-04-08 03:16:21,396 - INFO - Fetched Chapter 1061
2026-04-08 03:16:21,719 - INFO - Fetched Chapter 1060
2026-04-08 03:16:22,087 - INFO - Fetched Chapter 1058
2026-04-08 03:16:22,108 - INFO - Fetched Chapter 1057
2026-04-08 03:16:22,577 - INFO - Fetched Chapter 1063
2026-04-08 03:16:23,164 - INFO - Fetched Chapter 1064
2026-04-08 03:16:23,501 - INFO - Fetched Chapter 1062
2026-04-08 03:16:23,796 - INFO - Fetched Chapter 1065
2026-04-08 03:16:24,003 - INFO - Fetched Chapter 1067
2026-04-08 03:16:24,820 - INFO - Fetched Chapter 1066
2026-04-08 03:16:24,987 - INFO - Fetched Chapter 1069
2026-04-08 03:16:25,684 - INFO - Fetched Chapter 1068
2026-04-08 03:16:26,884 - INFO - Fetched Chapter 1070
2026-04-08 03:16:37,117 - INFO - Fetched Chapter 1075
2026-04-08 03:16:38,109 - INFO - Fetched Chapter 1073
2026-04-08 03:16:38,448 - INFO - Fetched Chapter 1072
2026-04-08 03:16:38,738 - INFO - Fetched Chapter 1076
2026-04-08 03:16:39,072 - INFO - Fetched Chapter 1074
2026-04-08 03:16:39,231 - INFO - Fetched Chapter 1071
2026-04-08 03:16:40,622 - INFO - Fetched Chapter 1077
2026-04-08 03:16:41,046 - INFO - Fetched Chapter 1078
2026-04-08 03:16:41,605 - INFO - Fetched Chapter 1081
2026-04-08 03:16:41,672 - INFO - Fetched Chapter 1079
2026-04-08 03:16:41,750 - INFO - Fetched Chapter 1080
2026-04-08 03:16:41,889 - INFO - Fetched Chapter 1082
2026-04-08 03:16:42,729 - INFO - Fetched Chapter 1084
2026-04-08 03:16:43,156 - INFO - Fetched Chapter 1083
2026-04-08 03:16:43,369 - INFO - Fetched Chapter 1085
2026-04-08 03:16:43,815 - INFO - Fetched Chapter 1087
2026-04-08 03:16:44,814 - INFO - Fetched Chapter 1086
2026-04-08 03:16:45,256 - INFO - Fetched Chapter 1091
2026-04-08 03:16:45,307 - INFO - Fetched Chapter 1088
2026-04-08 03:16:45,358 - INFO - Fetched Chapter 1090
2026-04-08 03:16:45,373 - INFO - Fetched Chapter 1089
2026-04-08 03:16:46,014 - INFO - Fetched Chapter 1092
2026-04-08 03:16:57,519 - INFO - Fetched Chapter 1097
2026-04-08 03:16:59,106 - INFO - Fetched Chapter 1093
2026-04-08 03:16:59,404 - INFO - Fetched Chapter 1094
2026-04-08 03:16:59,591 - INFO - Fetched Chapter 1098
2026-04-08 03:16:59,758 - INFO - Fetched Chapter 1096
2026-04-08 03:16:59,984 - INFO - Fetched Chapter 1099
2026-04-08 03:17:00,319 - INFO - Fetched Chapter 1095
2026-04-08 03:17:01,415 - INFO - Fetched Chapter 1100
2026-04-08 03:17:01,900 - INFO - Fetched Chapter 1101
2026-04-08 03:17:02,282 - INFO - Fetched Chapter 1104
2026-04-08 03:17:02,389 - INFO - Fetched Chapter 1103
2026-04-08 03:17:02,635 - INFO - Fetched Chapter 1102
2026-04-08 03:17:03,258 - INFO - Fetched Chapter 1105
2026-04-08 03:17:04,911 - INFO - Fetched Chapter 1107
2026-04-08 03:17:04,932 - INFO - Fetched Chapter 1108
2026-04-08 03:17:04,969 - INFO - Fetched Chapter 1106
2026-04-08 03:17:05,007 - INFO - Fetched Chapter 1110
2026-04-08 03:17:05,651 - INFO - Fetched Chapter 1109
2026-04-08 03:17:16,786 - INFO - Fetched Chapter 1112
2026-04-08 03:17:17,038 - INFO - Fetched Chapter 1114
2026-04-08 03:17:17,625 - INFO - Fetched Chapter 1115
2026-04-08 03:17:17,807 - INFO - Fetched Chapter 1113
2026-04-08 03:17:17,873 - INFO - Fetched Chapter 1111
2026-04-08 03:17:19,103 - INFO - Fetched Chapter 1116
2026-04-08 03:17:19,451 - INFO - Fetched Chapter 1119
2026-04-08 03:17:20,029 - INFO - Fetched Chapter 1117
2026-04-08 03:17:20,092 - INFO - Fetched Chapter 1118
2026-04-08 03:17:20,263 - INFO - Fetched Chapter 1121
2026-04-08 03:17:21,154 - INFO - Fetched Chapter 1120
2026-04-08 03:17:21,937 - INFO - Fetched Chapter 1123
2026-04-08 03:17:22,248 - INFO - Fetched Chapter 1122
2026-04-08 03:17:22,499 - INFO - Fetched Chapter 1125
2026-04-08 03:17:23,000 - INFO - Fetched Chapter 1126
2026-04-08 03:17:23,745 - INFO - Fetched Chapter 1124
2026-04-08 03:17:24,058 - INFO - Fetched Chapter 1129
2026-04-08 03:17:24,178 - INFO - Fetched Chapter 1128
2026-04-08 03:17:24,598 - INFO - Fetched Chapter 1127
2026-04-08 03:17:24,889 - INFO - Fetched Chapter 1130
2026-04-08 03:17:26,313 - INFO - Fetched Chapter 1131
2026-04-08 03:17:38,226 - INFO - Fetched Chapter 1132
2026-04-08 03:17:38,339 - INFO - Fetched Chapter 1137
2026-04-08 03:17:38,832 - INFO - Fetched Chapter 1133
2026-04-08 03:17:39,030 - INFO - Fetched Chapter 1134
2026-04-08 03:17:39,142 - INFO - Fetched Chapter 1135
2026-04-08 03:17:39,338 - INFO - Fetched Chapter 1136
2026-04-08 03:17:40,616 - INFO - Fetched Chapter 1139
2026-04-08 03:17:40,655 - INFO - Fetched Chapter 1140
2026-04-08 03:17:41,155 - INFO - Fetched Chapter 1138
2026-04-08 03:17:41,321 - INFO - Fetched Chapter 1141
2026-04-08 03:17:41,477 - INFO - Fetched Chapter 1143
2026-04-08 03:17:41,710 - INFO - Fetched Chapter 1142
2026-04-08 03:17:42,700 - INFO - Fetched Chapter 1144
2026-04-08 03:17:43,489 - INFO - Fetched Chapter 1146
2026-04-08 03:17:43,629 - INFO - Fetched Chapter 1148
2026-04-08 03:17:43,928 - INFO - Fetched Chapter 1149
2026-04-08 03:17:43,939 - INFO - Fetched Chapter 1145
2026-04-08 03:17:44,619 - INFO - Fetched Chapter 1147
2026-04-08 03:17:45,448 - INFO - Fetched Chapter 1150
2026-04-08 03:17:56,813 - INFO - Fetched Chapter 1154
2026-04-08 03:17:57,747 - INFO - Fetched Chapter 1156
2026-04-08 03:17:57,928 - INFO - Fetched Chapter 1153
2026-04-08 03:17:58,760 - INFO - Fetched Chapter 1155
2026-04-08 03:17:58,926 - INFO - Fetched Chapter 1152
2026-04-08 03:17:59,218 - INFO - Fetched Chapter 1151
2026-04-08 03:18:00,384 - INFO - Fetched Chapter 1157
2026-04-08 03:18:00,494 - INFO - Fetched Chapter 1158
2026-04-08 03:18:01,065 - INFO - Fetched Chapter 1159
2026-04-08 03:18:02,254 - INFO - Fetched Chapter 1160
2026-04-08 03:18:02,502 - INFO - Fetched Chapter 1161
2026-04-08 03:18:02,550 - INFO - Fetched Chapter 1162
2026-04-08 03:18:03,295 - INFO - Fetched Chapter 1165
2026-04-08 03:18:03,824 - INFO - Fetched Chapter 1163
2026-04-08 03:18:03,963 - INFO - Fetched Chapter 1164
2026-04-08 03:18:05,361 - INFO - Fetched Chapter 1167
2026-04-08 03:18:05,718 - INFO - Fetched Chapter 1168
2026-04-08 03:18:05,987 - INFO - Fetched Chapter 1166
2026-04-08 03:18:06,531 - INFO - Fetched Chapter 1169
2026-04-08 03:18:07,092 - INFO - Fetched Chapter 1170
2026-04-08 03:18:07,224 - INFO - Fetched Chapter 1171
2026-04-08 03:18:19,478 - INFO - Fetched Chapter 1173
2026-04-08 03:18:19,742 - INFO - Fetched Chapter 1174
2026-04-08 03:18:19,980 - INFO - Fetched Chapter 1175
2026-04-08 03:18:20,183 - INFO - Fetched Chapter 1177
2026-04-08 03:18:20,722 - INFO - Fetched Chapter 1176
2026-04-08 03:18:21,051 - INFO - Fetched Chapter 1172
2026-04-08 03:18:21,903 - INFO - Fetched Chapter 1178
2026-04-08 03:18:22,999 - INFO - Fetched Chapter 1180
2026-04-08 03:18:23,129 - INFO - Fetched Chapter 1181
2026-04-08 03:18:23,132 - INFO - Fetched Chapter 1179
2026-04-08 03:18:23,896 - INFO - Fetched Chapter 1182
2026-04-08 03:18:23,959 - INFO - Fetched Chapter 1183
2026-04-08 03:18:24,320 - INFO - Fetched Chapter 1184
2026-04-08 03:18:25,613 - INFO - Fetched Chapter 1185
2026-04-08 03:18:26,355 - INFO - Fetched Chapter 1188
2026-04-08 03:18:26,472 - INFO - Fetched Chapter 1187
2026-04-08 03:18:26,497 - INFO - Fetched Chapter 1186
2026-04-08 03:18:26,544 - INFO - Fetched Chapter 1190
2026-04-08 03:18:26,784 - INFO - Fetched Chapter 1189
2026-04-08 03:18:39,574 - INFO - Fetched Chapter 1192
2026-04-08 03:18:39,682 - INFO - Fetched Chapter 1195
2026-04-08 03:18:39,706 - INFO - Fetched Chapter 1196
2026-04-08 03:18:39,866 - INFO - Fetched Chapter 1191
2026-04-08 03:18:40,365 - INFO - Fetched Chapter 1193
2026-04-08 03:18:41,275 - INFO - Fetched Chapter 1194
2026-04-08 03:18:42,355 - INFO - Fetched Chapter 1197
2026-04-08 03:18:42,732 - INFO - Fetched Chapter 1199
2026-04-08 03:18:43,321 - INFO - Fetched Chapter 1202
2026-04-08 03:18:43,364 - INFO - Fetched Chapter 1200
2026-04-08 03:18:43,392 - INFO - Fetched Chapter 1198
2026-04-08 03:18:43,746 - INFO - Fetched Chapter 1201
2026-04-08 03:18:44,795 - INFO - Fetched Chapter 1203
2026-04-08 03:18:45,029 - INFO - Fetched Chapter 1204
2026-04-08 03:18:45,415 - INFO - Fetched Chapter 1205
2026-04-08 03:18:45,524 - INFO - Fetched Chapter 1206
2026-04-08 03:18:46,350 - INFO - Fetched Chapter 1208
2026-04-08 03:18:46,598 - INFO - Fetched Chapter 1207
2026-04-08 03:18:47,171 - INFO - Fetched Chapter 1209
2026-04-08 03:18:47,193 - INFO - Fetched Chapter 1210
2026-04-08 03:18:48,132 - INFO - Fetched Chapter 1211
2026-04-08 03:18:48,389 - INFO - Fetched Chapter 1212
2026-04-08 03:19:00,565 - INFO - Fetched Chapter 1214
2026-04-08 03:19:00,759 - INFO - Fetched Chapter 1215
2026-04-08 03:19:01,070 - INFO - Fetched Chapter 1218
2026-04-08 03:19:01,559 - INFO - Fetched Chapter 1216
2026-04-08 03:19:01,731 - INFO - Fetched Chapter 1217
2026-04-08 03:19:02,160 - INFO - Fetched Chapter 1213
2026-04-08 03:19:02,900 - INFO - Fetched Chapter 1219
2026-04-08 03:19:03,305 - INFO - Fetched Chapter 1221
2026-04-08 03:19:03,977 - INFO - Fetched Chapter 1222
2026-04-08 03:19:04,048 - INFO - Fetched Chapter 1220
2026-04-08 03:19:04,357 - INFO - Fetched Chapter 1223
2026-04-08 03:19:04,796 - INFO - Fetched Chapter 1224
2026-04-08 03:19:05,108 - INFO - Fetched Chapter 1225
2026-04-08 03:19:06,151 - INFO - Fetched Chapter 1226
2026-04-08 03:19:06,351 - INFO - Fetched Chapter 1228
2026-04-08 03:19:07,256 - INFO - Fetched Chapter 1229
2026-04-08 03:19:07,291 - INFO - Fetched Chapter 1231
2026-04-08 03:19:07,674 - INFO - Fetched Chapter 1227
2026-04-08 03:19:08,165 - INFO - Fetched Chapter 1230
2026-04-08 03:19:09,451 - INFO - Fetched Chapter 1232
2026-04-08 03:19:09,627 - INFO - Fetched Chapter 1233
2026-04-08 03:19:19,796 - INFO - Fetched Chapter 1236
2026-04-08 03:19:21,384 - INFO - Fetched Chapter 1237
2026-04-08 03:19:21,955 - INFO - Fetched Chapter 1234
2026-04-08 03:19:22,040 - INFO - Fetched Chapter 1235
2026-04-08 03:19:22,056 - INFO - Fetched Chapter 1238
2026-04-08 03:19:22,152 - INFO - Fetched Chapter 1240
2026-04-08 03:19:22,649 - INFO - Fetched Chapter 1239
2026-04-08 03:19:24,238 - INFO - Fetched Chapter 1242
2026-04-08 03:19:24,496 - INFO - Fetched Chapter 1246
2026-04-08 03:19:24,509 - INFO - Fetched Chapter 1241
2026-04-08 03:19:25,122 - INFO - Fetched Chapter 1243
2026-04-08 03:19:25,135 - INFO - Fetched Chapter 1245
2026-04-08 03:19:25,399 - INFO - Fetched Chapter 1244
2026-04-08 03:19:26,644 - INFO - Fetched Chapter 1248
2026-04-08 03:19:27,200 - INFO - Fetched Chapter 1251
2026-04-08 03:19:27,429 - INFO - Fetched Chapter 1247
2026-04-08 03:19:27,449 - INFO - Fetched Chapter 1250
2026-04-08 03:19:27,606 - INFO - Fetched Chapter 1249
2026-04-08 03:19:39,339 - INFO - Fetched Chapter 1256
2026-04-08 03:19:40,168 - INFO - Fetched Chapter 1255
2026-04-08 03:19:40,244 - INFO - Fetched Chapter 1253
2026-04-08 03:19:40,382 - INFO - Fetched Chapter 1254
2026-04-08 03:19:40,862 - INFO - Fetched Chapter 1252
2026-04-08 03:19:41,107 - INFO - Fetched Chapter 1257
2026-04-08 03:19:41,508 - INFO - Fetched Chapter 1258
2026-04-08 03:19:42,323 - INFO - Fetched Chapter 1259
2026-04-08 03:19:43,426 - INFO - Fetched Chapter 1261
2026-04-08 03:19:43,544 - INFO - Fetched Chapter 1260
2026-04-08 03:19:44,279 - INFO - Fetched Chapter 1262
2026-04-08 03:19:44,722 - INFO - Fetched Chapter 1263
2026-04-08 03:19:44,904 - INFO - Fetched Chapter 1264
2026-04-08 03:19:45,462 - INFO - Fetched Chapter 1265
2026-04-08 03:19:45,689 - INFO - Fetched Chapter 1267
2026-04-08 03:19:47,172 - INFO - Fetched Chapter 1266
2026-04-08 03:19:47,257 - INFO - Fetched Chapter 1269
2026-04-08 03:19:47,527 - INFO - Fetched Chapter 1270
2026-04-08 03:19:47,799 - INFO - Fetched Chapter 1268
2026-04-08 03:19:47,921 - INFO - Fetched Chapter 1272
2026-04-08 03:19:48,034 - INFO - Fetched Chapter 1271
2026-04-08 03:20:01,334 - INFO - Fetched Chapter 1273
2026-04-08 03:20:01,366 - INFO - Fetched Chapter 1275
2026-04-08 03:20:01,483 - INFO - Fetched Chapter 1277
2026-04-08 03:20:02,278 - INFO - Fetched Chapter 1274
2026-04-08 03:20:02,637 - INFO - Fetched Chapter 1276
2026-04-08 03:20:02,820 - INFO - Fetched Chapter 1278
2026-04-08 03:20:04,105 - INFO - Fetched Chapter 1279
2026-04-08 03:20:04,346 - INFO - Fetched Chapter 1280
2026-04-08 03:20:04,576 - INFO - Fetched Chapter 1284
2026-04-08 03:20:04,711 - INFO - Fetched Chapter 1281
2026-04-08 03:20:04,821 - INFO - Fetched Chapter 1282
2026-04-08 03:20:05,994 - INFO - Fetched Chapter 1283
2026-04-08 03:20:06,358 - INFO - Fetched Chapter 1285
2026-04-08 03:20:06,907 - INFO - Fetched Chapter 1289
2026-04-08 03:20:07,199 - INFO - Fetched Chapter 1286
2026-04-08 03:20:07,720 - INFO - Fetched Chapter 1287
2026-04-08 03:20:08,427 - INFO - Fetched Chapter 1288
2026-04-08 03:20:20,161 - INFO - Fetched Chapter 1291
2026-04-08 03:20:20,256 - INFO - Fetched Chapter 1295
2026-04-08 03:20:20,556 - INFO - Fetched Chapter 1292
2026-04-08 03:20:20,625 - INFO - Fetched Chapter 1293
2026-04-08 03:20:20,708 - INFO - Fetched Chapter 1290
2026-04-08 03:20:21,284 - INFO - Fetched Chapter 1294
2026-04-08 03:20:22,492 - INFO - Fetched Chapter 1297
2026-04-08 03:20:23,030 - INFO - Fetched Chapter 1296
2026-04-08 03:20:23,051 - INFO - Fetched Chapter 1300
2026-04-08 03:20:23,649 - INFO - Fetched Chapter 1301
2026-04-08 03:20:23,880 - INFO - Fetched Chapter 1298
2026-04-08 03:20:24,243 - INFO - Fetched Chapter 1299
2026-04-08 03:20:25,538 - INFO - Fetched Chapter 1303
2026-04-08 03:20:25,669 - INFO - Fetched Chapter 1302
2026-04-08 03:20:26,001 - INFO - Fetched Chapter 1306
2026-04-08 03:20:26,567 - INFO - Fetched Chapter 1304
2026-04-08 03:20:26,706 - INFO - Fetched Chapter 1307
2026-04-08 03:20:27,368 - INFO - Fetched Chapter 1305
2026-04-08 03:20:27,859 - INFO - Fetched Chapter 1310
2026-04-08 03:20:28,243 - INFO - Fetched Chapter 1308
2026-04-08 03:20:28,277 - INFO - Fetched Chapter 1309
2026-04-08 03:20:39,772 - INFO - Fetched Chapter 1312
2026-04-08 03:20:40,130 - INFO - Fetched Chapter 1316
2026-04-08 03:20:40,198 - INFO - Fetched Chapter 1313
2026-04-08 03:20:41,048 - INFO - Fetched Chapter 1311
2026-04-08 03:20:41,431 - INFO - Fetched Chapter 1314
2026-04-08 03:20:41,652 - INFO - Fetched Chapter 1315
2026-04-08 03:20:42,427 - INFO - Fetched Chapter 1319
2026-04-08 03:20:42,442 - INFO - Fetched Chapter 1318
2026-04-08 03:20:42,898 - INFO - Fetched Chapter 1317
2026-04-08 03:20:43,363 - INFO - Fetched Chapter 1321
2026-04-08 03:20:43,540 - INFO - Fetched Chapter 1322
2026-04-08 03:20:44,468 - INFO - Fetched Chapter 1324
2026-04-08 03:20:44,741 - INFO - Fetched Chapter 1320
2026-04-08 03:20:45,296 - INFO - Fetched Chapter 1323
2026-04-08 03:20:45,433 - INFO - Fetched Chapter 1325
2026-04-08 03:20:45,767 - INFO - Fetched Chapter 1326
2026-04-08 03:20:46,699 - INFO - Fetched Chapter 1327
2026-04-08 03:20:46,986 - INFO - Fetched Chapter 1328
2026-04-08 03:20:47,781 - INFO - Fetched Chapter 1329
2026-04-08 03:20:59,536 - INFO - Fetched Chapter 1333
2026-04-08 03:21:00,070 - INFO - Fetched Chapter 1330
2026-04-08 03:21:00,306 - INFO - Fetched Chapter 1335
2026-04-08 03:21:00,366 - INFO - Fetched Chapter 1332
2026-04-08 03:21:00,769 - INFO - Fetched Chapter 1331
2026-04-08 03:21:00,791 - INFO - Fetched Chapter 1334
2026-04-08 03:21:01,665 - INFO - Fetched Chapter 1336
2026-04-08 03:21:02,255 - INFO - Fetched Chapter 1337
2026-04-08 03:21:02,277 - INFO - Fetched Chapter 1339
2026-04-08 03:21:02,973 - INFO - Fetched Chapter 1338
2026-04-08 03:21:03,028 - INFO - Fetched Chapter 1341
2026-04-08 03:21:03,148 - INFO - Fetched Chapter 1340
2026-04-08 03:21:04,564 - INFO - Fetched Chapter 1344
2026-04-08 03:21:04,788 - INFO - Fetched Chapter 1343
2026-04-08 03:21:04,890 - INFO - Fetched Chapter 1345
2026-04-08 03:21:04,903 - INFO - Fetched Chapter 1342
2026-04-08 03:21:05,266 - INFO - Fetched Chapter 1347
2026-04-08 03:21:05,866 - INFO - Fetched Chapter 1346
2026-04-08 03:21:18,099 - INFO - Fetched Chapter 1351
2026-04-08 03:21:18,230 - INFO - Fetched Chapter 1353
2026-04-08 03:21:18,442 - INFO - Fetched Chapter 1350
2026-04-08 03:21:18,689 - INFO - Fetched Chapter 1349
2026-04-08 03:21:18,751 - INFO - Fetched Chapter 1348
2026-04-08 03:21:18,975 - INFO - Fetched Chapter 1352
2026-04-08 03:21:20,334 - INFO - Fetched Chapter 1357
2026-04-08 03:21:20,985 - INFO - Fetched Chapter 1355
2026-04-08 03:21:21,051 - INFO - Fetched Chapter 1354
2026-04-08 03:21:21,443 - INFO - Fetched Chapter 1358
2026-04-08 03:21:22,036 - INFO - Fetched Chapter 1356
2026-04-08 03:21:22,310 - INFO - Fetched Chapter 1359
2026-04-08 03:21:22,481 - INFO - Fetched Chapter 1360
2026-04-08 03:21:22,873 - INFO - Fetched Chapter 1362
2026-04-08 03:21:23,460 - INFO - Fetched Chapter 1361
2026-04-08 03:21:24,274 - INFO - Fetched Chapter 1363
2026-04-08 03:21:25,205 - INFO - Fetched Chapter 1366
2026-04-08 03:21:25,365 - INFO - Fetched Chapter 1365
2026-04-08 03:21:25,670 - INFO - Fetched Chapter 1364
2026-04-08 03:21:25,999 - INFO - Fetched Chapter 1367
2026-04-08 03:21:36,368 - INFO - Fetched Chapter 1372
2026-04-08 03:21:37,224 - INFO - Fetched Chapter 1373
2026-04-08 03:21:37,308 - INFO - Fetched Chapter 1368
2026-04-08 03:21:37,395 - INFO - Fetched Chapter 1369
2026-04-08 03:21:37,534 - INFO - Fetched Chapter 1371
2026-04-08 03:21:38,643 - INFO - Fetched Chapter 1370
2026-04-08 03:21:39,535 - INFO - Fetched Chapter 1374
2026-04-08 03:21:39,906 - INFO - Fetched Chapter 1377
2026-04-08 03:21:40,908 - INFO - Fetched Chapter 1375
2026-04-08 03:21:40,922 - INFO - Fetched Chapter 1376
2026-04-08 03:21:41,134 - INFO - Fetched Chapter 1378
2026-04-08 03:21:41,623 - INFO - Fetched Chapter 1379
2026-04-08 03:21:42,815 - INFO - Fetched Chapter 1383
2026-04-08 03:21:42,842 - INFO - Fetched Chapter 1381
2026-04-08 03:21:43,207 - INFO - Fetched Chapter 1382
2026-04-08 03:21:43,548 - INFO - Fetched Chapter 1380
2026-04-08 03:21:43,903 - INFO - Fetched Chapter 1384
2026-04-08 03:21:44,780 - INFO - Fetched Chapter 1386
2026-04-08 03:21:44,886 - INFO - Fetched Chapter 1387
2026-04-08 03:21:45,018 - INFO - Fetched Chapter 1385
2026-04-08 03:21:46,652 - INFO - Fetched Chapter 1388
2026-04-08 03:21:47,098 - INFO - Fetched Chapter 1389
2026-04-08 03:21:47,196 - INFO - Fetched Chapter 1390
2026-04-08 03:21:59,051 - INFO - Fetched Chapter 1396
2026-04-08 03:21:59,068 - INFO - Fetched Chapter 1392
2026-04-08 03:21:59,286 - INFO - Fetched Chapter 1391
2026-04-08 03:21:59,770 - INFO - Fetched Chapter 1393
2026-04-08 03:22:00,539 - INFO - Fetched Chapter 1395
2026-04-08 03:22:00,565 - INFO - Fetched Chapter 1394
2026-04-08 03:22:01,729 - INFO - Fetched Chapter 1399
2026-04-08 03:22:01,922 - INFO - Fetched Chapter 1398
2026-04-08 03:22:01,935 - INFO - Fetched Chapter 1397
2026-04-08 03:22:02,610 - INFO - Fetched Chapter 1401
2026-04-08 03:22:02,789 - INFO - Fetched Chapter 1400
2026-04-08 03:22:03,364 - INFO - Fetched Chapter 1402
2026-04-08 03:22:04,380 - INFO - Fetched Chapter 1404
2026-04-08 03:22:04,874 - INFO - Fetched Chapter 1403
2026-04-08 03:22:04,908 - INFO - Fetched Chapter 1405
2026-04-08 03:22:04,965 - INFO - Fetched Chapter 1406
2026-04-08 03:22:06,682 - INFO - Fetched Chapter 1411
2026-04-08 03:22:06,770 - INFO - Fetched Chapter 1407
2026-04-08 03:22:06,782 - INFO - Fetched Chapter 1408
2026-04-08 03:22:07,603 - INFO - Fetched Chapter 1409
2026-04-08 03:22:07,784 - INFO - Fetched Chapter 1410
2026-04-08 03:22:07,882 - INFO - Fetched Chapter 1412
2026-04-08 03:22:19,052 - INFO - Fetched Chapter 1417
2026-04-08 03:22:19,523 - INFO - Fetched Chapter 1416
2026-04-08 03:22:19,856 - INFO - Fetched Chapter 1413
2026-04-08 03:22:20,026 - INFO - Fetched Chapter 1415
2026-04-08 03:22:21,083 - INFO - Fetched Chapter 1418
2026-04-08 03:22:21,227 - INFO - Fetched Chapter 1414
2026-04-08 03:22:21,766 - INFO - Fetched Chapter 1419
2026-04-08 03:22:22,179 - INFO - Fetched Chapter 1421
2026-04-08 03:22:23,076 - INFO - Fetched Chapter 1420
2026-04-08 03:22:23,220 - INFO - Fetched Chapter 1422
2026-04-08 03:22:23,637 - INFO - Fetched Chapter 1423
2026-04-08 03:22:24,248 - INFO - Fetched Chapter 1424
2026-04-08 03:22:24,278 - INFO - Fetched Chapter 1425
2026-04-08 03:22:25,091 - INFO - Fetched Chapter 1426
2026-04-08 03:22:25,517 - INFO - Fetched Chapter 1427
2026-04-08 03:22:25,605 - INFO - Fetched Chapter 1428
2026-04-08 03:22:26,262 - INFO - Fetched Chapter 1431
2026-04-08 03:22:26,570 - INFO - Fetched Chapter 1430
2026-04-08 03:22:27,141 - INFO - Fetched Chapter 1429
2026-04-08 03:22:39,124 - INFO - Fetched Chapter 1432
2026-04-08 03:22:39,447 - INFO - Fetched Chapter 1435
2026-04-08 03:22:39,459 - INFO - Fetched Chapter 1437
2026-04-08 03:22:40,002 - INFO - Fetched Chapter 1434
2026-04-08 03:22:40,938 - INFO - Fetched Chapter 1436
2026-04-08 03:22:41,186 - INFO - Fetched Chapter 1438
2026-04-08 03:22:41,246 - INFO - Fetched Chapter 1433
2026-04-08 03:22:41,731 - INFO - Fetched Chapter 1439
2026-04-08 03:22:42,653 - INFO - Fetched Chapter 1440
2026-04-08 03:22:43,456 - INFO - Fetched Chapter 1441
2026-04-08 03:22:43,958 - INFO - Fetched Chapter 1442
2026-04-08 03:22:44,603 - INFO - Fetched Chapter 1444
2026-04-08 03:22:44,776 - INFO - Fetched Chapter 1443
2026-04-08 03:22:44,929 - INFO - Fetched Chapter 1445
2026-04-08 03:22:45,400 - INFO - Fetched Chapter 1446
2026-04-08 03:22:45,712 - INFO - Fetched Chapter 1447
2026-04-08 03:22:47,446 - INFO - Fetched Chapter 1451
2026-04-08 03:22:47,610 - INFO - Fetched Chapter 1450
2026-04-08 03:22:48,592 - INFO - Fetched Chapter 1452
2026-04-08 03:22:48,631 - INFO - Fetched Chapter 1448
2026-04-08 03:22:48,832 - INFO - Fetched Chapter 1453
2026-04-08 03:22:49,263 - INFO - Fetched Chapter 1449
2026-04-08 03:23:00,818 - INFO - Fetched Chapter 1458
2026-04-08 03:23:01,560 - INFO - Fetched Chapter 1454
2026-04-08 03:23:01,885 - INFO - Fetched Chapter 1456
2026-04-08 03:23:02,255 - INFO - Fetched Chapter 1455
2026-04-08 03:23:02,537 - INFO - Fetched Chapter 1459
2026-04-08 03:23:02,709 - INFO - Fetched Chapter 1457
2026-04-08 03:23:03,478 - INFO - Fetched Chapter 1460
2026-04-08 03:23:04,336 - INFO - Fetched Chapter 1463
2026-04-08 03:23:04,471 - INFO - Fetched Chapter 1464
2026-04-08 03:23:04,581 - INFO - Fetched Chapter 1462
2026-04-08 03:23:04,610 - INFO - Fetched Chapter 1461
2026-04-08 03:23:05,732 - INFO - Fetched Chapter 1465
2026-04-08 03:23:06,323 - INFO - Fetched Chapter 1468
2026-04-08 03:23:06,390 - INFO - Fetched Chapter 1467
2026-04-08 03:23:06,752 - INFO - Fetched Chapter 1466
2026-04-08 03:23:06,953 - INFO - Fetched Chapter 1470
2026-04-08 03:23:07,713 - INFO - Fetched Chapter 1469
2026-04-08 03:23:19,278 - INFO - Fetched Chapter 1471
2026-04-08 03:23:19,821 - INFO - Fetched Chapter 1476
2026-04-08 03:23:20,184 - INFO - Fetched Chapter 1474
2026-04-08 03:23:20,705 - INFO - Fetched Chapter 1473
2026-04-08 03:23:20,727 - INFO - Fetched Chapter 1475
2026-04-08 03:23:21,104 - INFO - Fetched Chapter 1472
2026-04-08 03:23:21,273 - INFO - Fetched Chapter 1477
2026-04-08 03:23:22,178 - INFO - Fetched Chapter 1478
2026-04-08 03:23:23,012 - INFO - Fetched Chapter 1481
2026-04-08 03:23:23,481 - INFO - Fetched Chapter 1479
2026-04-08 03:23:23,804 - INFO - Fetched Chapter 1483
2026-04-08 03:23:24,090 - INFO - Fetched Chapter 1482
2026-04-08 03:23:24,434 - INFO - Fetched Chapter 1480
2026-04-08 03:23:24,568 - INFO - Fetched Chapter 1485
2026-04-08 03:23:25,353 - INFO - Fetched Chapter 1484
2026-04-08 03:23:26,649 - INFO - Fetched Chapter 1486
2026-04-08 03:23:26,740 - INFO - Fetched Chapter 1488
2026-04-08 03:23:27,004 - INFO - Fetched Chapter 1487
2026-04-08 03:23:27,341 - INFO - Fetched Chapter 1490
2026-04-08 03:23:27,590 - INFO - Fetched Chapter 1489
2026-04-08 03:23:38,397 - INFO - Fetched Chapter 1491
2026-04-08 03:23:39,932 - INFO - Fetched Chapter 1496
2026-04-08 03:23:40,004 - INFO - Fetched Chapter 1492
2026-04-08 03:23:40,361 - INFO - Fetched Chapter 1493
2026-04-08 03:23:40,799 - INFO - Fetched Chapter 1494
2026-04-08 03:23:40,953 - INFO - Fetched Chapter 1495
2026-04-08 03:23:41,720 - INFO - Fetched Chapter 1497
2026-04-08 03:23:42,681 - INFO - Fetched Chapter 1501
2026-04-08 03:23:42,814 - INFO - Fetched Chapter 1498
2026-04-08 03:23:43,471 - INFO - Fetched Chapter 1499
2026-04-08 03:23:43,705 - INFO - Fetched Chapter 1500
2026-04-08 03:23:43,996 - INFO - Fetched Chapter 1502
2026-04-08 03:23:44,506 - INFO - Fetched Chapter 1503
2026-04-08 03:23:45,443 - INFO - Fetched Chapter 1504
2026-04-08 03:23:45,840 - INFO - Fetched Chapter 1508
2026-04-08 03:23:46,365 - INFO - Fetched Chapter 1507
2026-04-08 03:23:46,552 - INFO - Fetched Chapter 1505
2026-04-08 03:23:46,588 - INFO - Fetched Chapter 1506
2026-04-08 03:23:47,577 - INFO - Fetched Chapter 1509
2026-04-08 03:23:48,375 - INFO - Fetched Chapter 1510
2026-04-08 03:23:48,555 - INFO - Fetched Chapter 1511
2026-04-08 03:23:58,924 - INFO - Fetched Chapter 1515
2026-04-08 03:23:58,925 - INFO - Fetched Chapter 1517
2026-04-08 03:23:59,082 - INFO - Fetched Chapter 1516
2026-04-08 03:24:00,708 - INFO - Fetched Chapter 1513
2026-04-08 03:24:00,878 - INFO - Fetched Chapter 1520
2026-04-08 03:24:01,266 - INFO - Fetched Chapter 1518
2026-04-08 03:24:01,585 - INFO - Fetched Chapter 1519
2026-04-08 03:24:01,605 - INFO - Fetched Chapter 1512
2026-04-08 03:24:02,158 - INFO - Fetched Chapter 1514
2026-04-08 03:24:02,801 - INFO - Fetched Chapter 1521
2026-04-08 03:24:03,245 - INFO - Fetched Chapter 1523
2026-04-08 03:24:03,718 - INFO - Fetched Chapter 1525
2026-04-08 03:24:03,782 - INFO - Fetched Chapter 1522
2026-04-08 03:24:04,225 - INFO - Fetched Chapter 1526
2026-04-08 03:24:05,110 - INFO - Fetched Chapter 1524
2026-04-08 03:24:05,577 - INFO - Fetched Chapter 1527
2026-04-08 03:24:05,666 - INFO - Fetched Chapter 1529
2026-04-08 03:24:06,164 - INFO - Fetched Chapter 1528
2026-04-08 03:24:06,493 - INFO - Fetched Chapter 1530
2026-04-08 03:24:07,828 - INFO - Fetched Chapter 1531
2026-04-08 03:24:17,801 - INFO - Fetched Chapter 1534
2026-04-08 03:24:19,328 - INFO - Fetched Chapter 1535
2026-04-08 03:24:19,830 - INFO - Fetched Chapter 1532
2026-04-08 03:24:20,342 - INFO - Fetched Chapter 1537
2026-04-08 03:24:20,647 - INFO - Fetched Chapter 1536
2026-04-08 03:24:21,179 - INFO - Fetched Chapter 1538
2026-04-08 03:24:21,191 - INFO - Fetched Chapter 1533
2026-04-08 03:24:21,227 - INFO - Fetched Chapter 1539
2026-04-08 03:24:22,731 - INFO - Fetched Chapter 1542
2026-04-08 03:24:23,385 - INFO - Fetched Chapter 1544
2026-04-08 03:24:23,483 - INFO - Fetched Chapter 1540
2026-04-08 03:24:23,671 - INFO - Fetched Chapter 1543
2026-04-08 03:24:23,806 - INFO - Fetched Chapter 1541
2026-04-08 03:24:24,254 - INFO - Fetched Chapter 1545
2026-04-08 03:24:25,310 - INFO - Fetched Chapter 1546
2026-04-08 03:24:25,714 - INFO - Fetched Chapter 1547
2026-04-08 03:24:26,628 - INFO - Fetched Chapter 1548
2026-04-08 03:24:27,083 - INFO - Fetched Chapter 1549
2026-04-08 03:24:27,493 - INFO - Fetched Chapter 1551
2026-04-08 03:24:27,577 - INFO - Fetched Chapter 1550
2026-04-08 03:24:39,970 - INFO - Fetched Chapter 1554
2026-04-08 03:24:40,057 - INFO - Fetched Chapter 1555
2026-04-08 03:24:40,346 - INFO - Fetched Chapter 1553
2026-04-08 03:24:40,538 - INFO - Fetched Chapter 1557
2026-04-08 03:24:40,698 - INFO - Fetched Chapter 1556
2026-04-08 03:24:41,063 - INFO - Fetched Chapter 1552
2026-04-08 03:24:42,782 - INFO - Fetched Chapter 1558
2026-04-08 03:24:43,130 - INFO - Fetched Chapter 1563
2026-04-08 03:24:43,443 - INFO - Fetched Chapter 1562
2026-04-08 03:24:43,567 - INFO - Fetched Chapter 1559
2026-04-08 03:24:43,697 - INFO - Fetched Chapter 1561
2026-04-08 03:24:43,777 - INFO - Fetched Chapter 1560
2026-04-08 03:24:44,966 - INFO - Fetched Chapter 1565
2026-04-08 03:24:45,032 - INFO - Fetched Chapter 1564
2026-04-08 03:24:45,629 - INFO - Fetched Chapter 1568
2026-04-08 03:24:45,694 - INFO - Fetched Chapter 1567
2026-04-08 03:24:46,875 - INFO - Fetched Chapter 1571
2026-04-08 03:24:47,124 - INFO - Fetched Chapter 1566
2026-04-08 03:24:47,196 - INFO - Fetched Chapter 1569
2026-04-08 03:24:47,212 - INFO - Fetched Chapter 1570
2026-04-08 03:24:47,705 - INFO - Fetched Chapter 1572
2026-04-08 03:24:47,986 - INFO - Fetched Chapter 1573
2026-04-08 03:25:01,350 - INFO - Fetched Chapter 1575
2026-04-08 03:25:01,372 - INFO - Fetched Chapter 1579
2026-04-08 03:25:01,426 - INFO - Fetched Chapter 1576
2026-04-08 03:25:02,115 - INFO - Fetched Chapter 1574
2026-04-08 03:25:02,267 - INFO - Fetched Chapter 1578
2026-04-08 03:25:02,789 - INFO - Fetched Chapter 1577
2026-04-08 03:25:03,317 - INFO - Fetched Chapter 1581
2026-04-08 03:25:03,676 - INFO - Fetched Chapter 1580
2026-04-08 03:25:04,106 - INFO - Fetched Chapter 1582
2026-04-08 03:25:04,571 - INFO - Fetched Chapter 1584
2026-04-08 03:25:04,968 - INFO - Fetched Chapter 1585
2026-04-08 03:25:05,571 - INFO - Fetched Chapter 1583
2026-04-08 03:25:05,779 - INFO - Fetched Chapter 1587
2026-04-08 03:25:06,287 - INFO - Fetched Chapter 1588
2026-04-08 03:25:06,416 - INFO - Fetched Chapter 1589
2026-04-08 03:25:06,562 - INFO - Fetched Chapter 1586
2026-04-08 03:25:18,798 - INFO - Fetched Chapter 1592
2026-04-08 03:25:19,512 - INFO - Fetched Chapter 1590
2026-04-08 03:25:20,442 - INFO - Fetched Chapter 1594
2026-04-08 03:25:20,472 - INFO - Fetched Chapter 1593
2026-04-08 03:25:20,523 - INFO - Fetched Chapter 1595
2026-04-08 03:25:20,742 - INFO - Fetched Chapter 1596
2026-04-08 03:25:20,763 - INFO - Fetched Chapter 1591
2026-04-08 03:25:22,472 - INFO - Fetched Chapter 1597
2026-04-08 03:25:23,017 - INFO - Fetched Chapter 1600
2026-04-08 03:25:23,225 - INFO - Fetched Chapter 1601
2026-04-08 03:25:23,506 - INFO - Fetched Chapter 1598
2026-04-08 03:25:24,056 - INFO - Fetched Chapter 1599
2026-04-08 03:25:24,083 - INFO - Fetched Chapter 1602
2026-04-08 03:25:24,806 - INFO - Fetched Chapter 1603
2026-04-08 03:25:25,484 - INFO - Fetched Chapter 1606
2026-04-08 03:25:26,749 - INFO - Fetched Chapter 1605
2026-04-08 03:25:26,969 - INFO - Fetched Chapter 1607
2026-04-08 03:25:27,067 - INFO - Fetched Chapter 1604
2026-04-08 03:25:27,408 - INFO - Fetched Chapter 1608
2026-04-08 03:25:39,878 - INFO - Fetched Chapter 1610
2026-04-08 03:25:40,325 - INFO - Fetched Chapter 1609
2026-04-08 03:25:40,340 - INFO - Fetched Chapter 1612
2026-04-08 03:25:40,415 - INFO - Fetched Chapter 1613
2026-04-08 03:25:40,606 - INFO - Fetched Chapter 1611
2026-04-08 03:25:41,230 - INFO - Fetched Chapter 1614
2026-04-08 03:25:42,149 - INFO - Fetched Chapter 1617
2026-04-08 03:25:42,534 - INFO - Fetched Chapter 1616
2026-04-08 03:25:42,929 - INFO - Fetched Chapter 1619
2026-04-08 03:25:43,238 - INFO - Fetched Chapter 1615
2026-04-08 03:25:43,392 - INFO - Fetched Chapter 1618
2026-04-08 03:25:44,134 - INFO - Fetched Chapter 1620
2026-04-08 03:25:44,357 - INFO - Fetched Chapter 1621
2026-04-08 03:25:44,747 - INFO - Fetched Chapter 1622
2026-04-08 03:25:45,009 - INFO - Fetched Chapter 1624
2026-04-08 03:25:46,172 - INFO - Fetched Chapter 1623
2026-04-08 03:25:46,404 - INFO - Fetched Chapter 1627
2026-04-08 03:25:46,443 - INFO - Fetched Chapter 1625
2026-04-08 03:25:47,526 - INFO - Fetched Chapter 1626
2026-04-08 03:25:47,928 - INFO - Fetched Chapter 1628
2026-04-08 03:25:48,513 - INFO - Fetched Chapter 1629
2026-04-08 03:25:59,899 - INFO - Fetched Chapter 1633
2026-04-08 03:26:00,639 - INFO - Fetched Chapter 1630
2026-04-08 03:26:01,264 - INFO - Fetched Chapter 1631
2026-04-08 03:26:01,291 - INFO - Fetched Chapter 1634
2026-04-08 03:26:01,743 - INFO - Fetched Chapter 1632
2026-04-08 03:26:02,099 - INFO - Fetched Chapter 1635
2026-04-08 03:26:02,207 - INFO - Fetched Chapter 1636
2026-04-08 03:26:03,174 - INFO - Fetched Chapter 1638
2026-04-08 03:26:03,744 - INFO - Fetched Chapter 1640
2026-04-08 03:26:03,770 - INFO - Fetched Chapter 1637
2026-04-08 03:26:04,491 - INFO - Fetched Chapter 1641
2026-04-08 03:26:04,613 - INFO - Fetched Chapter 1642
2026-04-08 03:26:04,628 - INFO - Fetched Chapter 1639
2026-04-08 03:26:05,809 - INFO - Fetched Chapter 1644
2026-04-08 03:26:06,480 - INFO - Fetched Chapter 1648
2026-04-08 03:26:06,572 - INFO - Fetched Chapter 1643
2026-04-08 03:26:06,860 - INFO - Fetched Chapter 1645
2026-04-08 03:26:08,095 - INFO - Fetched Chapter 1646
2026-04-08 03:26:08,107 - INFO - Fetched Chapter 1647
2026-04-08 03:26:09,048 - INFO - Fetched Chapter 1649
2026-04-08 03:26:09,551 - INFO - Fetched Chapter 1650
2026-04-08 03:26:20,832 - INFO - Fetched Chapter 1655
2026-04-08 03:26:21,161 - INFO - Fetched Chapter 1654
2026-04-08 03:26:21,232 - INFO - Fetched Chapter 1652
2026-04-08 03:26:21,586 - INFO - Fetched Chapter 1653
2026-04-08 03:26:21,722 - INFO - Fetched Chapter 1656
2026-04-08 03:26:21,946 - INFO - Fetched Chapter 1651
2026-04-08 03:26:23,438 - INFO - Fetched Chapter 1659
2026-04-08 03:26:24,116 - INFO - Fetched Chapter 1658
2026-04-08 03:26:24,393 - INFO - Fetched Chapter 1657
2026-04-08 03:26:24,529 - INFO - Fetched Chapter 1660
2026-04-08 03:26:24,734 - INFO - Fetched Chapter 1661
2026-04-08 03:26:25,142 - INFO - Fetched Chapter 1662
2026-04-08 03:26:26,560 - INFO - Fetched Chapter 1663
2026-04-08 03:26:26,779 - INFO - Fetched Chapter 1664
2026-04-08 03:26:27,022 - INFO - Fetched Chapter 1668
2026-04-08 03:26:27,634 - INFO - Fetched Chapter 1667
2026-04-08 03:26:27,680 - INFO - Fetched Chapter 1665
2026-04-08 03:26:27,713 - INFO - Fetched Chapter 1666
2026-04-08 03:26:29,271 - INFO - Fetched Chapter 1670
2026-04-08 03:26:29,854 - INFO - Fetched Chapter 1669
2026-04-08 03:26:30,522 - INFO - Fetched Chapter 1671
2026-04-08 03:26:40,751 - INFO - Fetched Chapter 1673
2026-04-08 03:26:41,630 - INFO - Fetched Chapter 1677
2026-04-08 03:26:41,654 - INFO - Fetched Chapter 1674
2026-04-08 03:26:41,691 - INFO - Fetched Chapter 1676
2026-04-08 03:26:42,180 - INFO - Fetched Chapter 1672
2026-04-08 03:26:42,749 - INFO - Fetched Chapter 1675
2026-04-08 03:26:43,256 - INFO - Fetched Chapter 1678
2026-04-08 03:26:43,585 - INFO - Fetched Chapter 1679
2026-04-08 03:26:44,716 - INFO - Fetched Chapter 1683
2026-04-08 03:26:44,935 - INFO - Fetched Chapter 1682
2026-04-08 03:26:44,984 - INFO - Fetched Chapter 1680
2026-04-08 03:26:45,002 - INFO - Fetched Chapter 1681
2026-04-08 03:26:45,760 - INFO - Fetched Chapter 1684
2026-04-08 03:26:46,686 - INFO - Fetched Chapter 1686
2026-04-08 03:26:46,756 - INFO - Fetched Chapter 1687
2026-04-08 03:26:46,988 - INFO - Fetched Chapter 1685
2026-04-08 03:26:48,344 - INFO - Fetched Chapter 1688
2026-04-08 03:26:48,802 - INFO - Fetched Chapter 1689
2026-04-08 03:26:59,688 - INFO - Fetched Chapter 1695
2026-04-08 03:26:59,912 - INFO - Fetched Chapter 1691
2026-04-08 03:27:00,024 - INFO - Fetched Chapter 1692
2026-04-08 03:27:01,027 - INFO - Fetched Chapter 1690
2026-04-08 03:27:01,273 - INFO - Fetched Chapter 1694
2026-04-08 03:27:01,844 - INFO - Fetched Chapter 1693
2026-04-08 03:27:02,116 - INFO - Fetched Chapter 1697
2026-04-08 03:27:02,903 - INFO - Fetched Chapter 1699
2026-04-08 03:27:03,074 - INFO - Fetched Chapter 1696
2026-04-08 03:27:03,104 - INFO - Fetched Chapter 1700
2026-04-08 03:27:03,466 - INFO - Fetched Chapter 1698
2026-04-08 03:27:03,729 - INFO - Fetched Chapter 1701
2026-04-08 03:27:04,901 - INFO - Fetched Chapter 1702
2026-04-08 03:27:05,073 - INFO - Fetched Chapter 1705
2026-04-08 03:27:05,540 - INFO - Fetched Chapter 1703
2026-04-08 03:27:06,030 - INFO - Fetched Chapter 1704
2026-04-08 03:27:06,222 - INFO - Fetched Chapter 1706
2026-04-08 03:27:06,385 - INFO - Fetched Chapter 1707
2026-04-08 03:27:07,203 - INFO - Fetched Chapter 1709
2026-04-08 03:27:07,400 - INFO - Fetched Chapter 1708
2026-04-08 03:27:09,301 - INFO - Fetched Chapter 1710
2026-04-08 03:27:20,113 - INFO - Fetched Chapter 1711
2026-04-08 03:27:20,653 - INFO - Fetched Chapter 1716
2026-04-08 03:27:21,181 - INFO - Fetched Chapter 1714
2026-04-08 03:27:21,475 - INFO - Fetched Chapter 1713
2026-04-08 03:27:21,710 - INFO - Fetched Chapter 1712
2026-04-08 03:27:22,111 - INFO - Fetched Chapter 1715
2026-04-08 03:27:22,307 - INFO - Fetched Chapter 1718
2026-04-08 03:27:23,690 - INFO - Fetched Chapter 1719
2026-04-08 03:27:23,766 - INFO - Fetched Chapter 1717
2026-04-08 03:27:24,798 - INFO - Fetched Chapter 1721
2026-04-08 03:27:24,964 - INFO - Fetched Chapter 1720
2026-04-08 03:27:24,977 - INFO - Fetched Chapter 1723
2026-04-08 03:27:25,468 - INFO - Fetched Chapter 1725
2026-04-08 03:27:26,665 - INFO - Fetched Chapter 1728
2026-04-08 03:27:26,678 - INFO - Fetched Chapter 1722
2026-04-08 03:27:26,694 - INFO - Fetched Chapter 1726
2026-04-08 03:27:26,912 - INFO - Fetched Chapter 1724
2026-04-08 03:27:27,066 - INFO - Fetched Chapter 1727
2026-04-08 03:27:27,838 - INFO - Fetched Chapter 1729
2026-04-08 03:27:29,531 - INFO - Fetched Chapter 1730
2026-04-08 03:27:29,580 - INFO - Fetched Chapter 1734
2026-04-08 03:27:29,731 - INFO - Fetched Chapter 1732
2026-04-08 03:27:30,000 - INFO - Fetched Chapter 1731
2026-04-08 03:27:30,439 - INFO - Fetched Chapter 1733
2026-04-08 03:27:41,929 - INFO - Fetched Chapter 1738
2026-04-08 03:27:43,094 - INFO - Fetched Chapter 1740
2026-04-08 03:27:43,108 - INFO - Fetched Chapter 1739
2026-04-08 03:27:43,500 - INFO - Fetched Chapter 1735
2026-04-08 03:27:43,889 - INFO - Fetched Chapter 1736
2026-04-08 03:27:43,917 - INFO - Fetched Chapter 1741
2026-04-08 03:27:44,064 - INFO - Fetched Chapter 1737
2026-04-08 03:27:45,435 - INFO - Fetched Chapter 1742
2026-04-08 03:27:46,438 - INFO - Fetched Chapter 1743
2026-04-08 03:27:46,548 - INFO - Fetched Chapter 1747
2026-04-08 03:27:46,597 - INFO - Fetched Chapter 1746
2026-04-08 03:27:46,650 - INFO - Fetched Chapter 1744
2026-04-08 03:27:47,328 - INFO - Fetched Chapter 1745
2026-04-08 03:27:48,600 - INFO - Fetched Chapter 1752
2026-04-08 03:27:48,910 - INFO - Fetched Chapter 1748
2026-04-08 03:27:49,225 - INFO - Fetched Chapter 1750
2026-04-08 03:27:49,639 - INFO - Fetched Chapter 1749
2026-04-08 03:27:49,787 - INFO - Fetched Chapter 1751
2026-04-08 03:28:01,552 - INFO - Fetched Chapter 1758
2026-04-08 03:28:02,402 - INFO - Fetched Chapter 1755
2026-04-08 03:28:02,434 - INFO - Fetched Chapter 1754
2026-04-08 03:28:02,530 - INFO - Fetched Chapter 1756
2026-04-08 03:28:02,911 - INFO - Fetched Chapter 1753
2026-04-08 03:28:03,413 - INFO - Fetched Chapter 1757
2026-04-08 03:28:04,653 - INFO - Fetched Chapter 1762
2026-04-08 03:28:05,256 - INFO - Fetched Chapter 1759
2026-04-08 03:28:05,492 - INFO - Fetched Chapter 1763
2026-04-08 03:28:05,506 - INFO - Fetched Chapter 1760
2026-04-08 03:28:05,704 - INFO - Fetched Chapter 1761
2026-04-08 03:28:06,295 - INFO - Fetched Chapter 1765
2026-04-08 03:28:06,505 - INFO - Fetched Chapter 1764
2026-04-08 03:28:07,114 - INFO - Fetched Chapter 1766
2026-04-08 03:28:08,509 - INFO - Fetched Chapter 1768
2026-04-08 03:28:08,605 - INFO - Fetched Chapter 1769
2026-04-08 03:28:08,972 - INFO - Fetched Chapter 1767
2026-04-08 03:28:19,441 - INFO - Fetched Chapter 1773
2026-04-08 03:28:20,207 - INFO - Fetched Chapter 1771
2026-04-08 03:28:20,831 - INFO - Fetched Chapter 1770
2026-04-08 03:28:20,841 - INFO - Fetched Chapter 1772
2026-04-08 03:28:21,389 - INFO - Fetched Chapter 1775
2026-04-08 03:28:22,336 - INFO - Fetched Chapter 1774
2026-04-08 03:28:23,169 - INFO - Fetched Chapter 1776
2026-04-08 03:28:23,221 - INFO - Fetched Chapter 1778
2026-04-08 03:28:23,768 - INFO - Fetched Chapter 1780
2026-04-08 03:28:23,980 - INFO - Fetched Chapter 1777
2026-04-08 03:28:24,110 - INFO - Fetched Chapter 1779
2026-04-08 03:28:25,341 - INFO - Fetched Chapter 1781
2026-04-08 03:28:25,356 - INFO - Fetched Chapter 1784
2026-04-08 03:28:25,358 - INFO - Fetched Chapter 1782
2026-04-08 03:28:26,492 - INFO - Fetched Chapter 1783
2026-04-08 03:28:26,923 - INFO - Fetched Chapter 1786
2026-04-08 03:28:27,303 - INFO - Fetched Chapter 1787
2026-04-08 03:28:27,347 - INFO - Fetched Chapter 1785
2026-04-08 03:28:27,507 - INFO - Fetched Chapter 1788
2026-04-08 03:28:28,066 - INFO - Fetched Chapter 1789
2026-04-08 03:28:38,757 - INFO - Fetched Chapter 1794
2026-04-08 03:28:40,255 - INFO - Fetched Chapter 1793
2026-04-08 03:28:40,345 - INFO - Fetched Chapter 1790
2026-04-08 03:28:40,414 - INFO - Fetched Chapter 1795
2026-04-08 03:28:41,299 - INFO - Fetched Chapter 1791
2026-04-08 03:28:41,649 - INFO - Fetched Chapter 1796
2026-04-08 03:28:41,743 - INFO - Fetched Chapter 1792
2026-04-08 03:28:43,299 - INFO - Fetched Chapter 1798
2026-04-08 03:28:43,315 - INFO - Fetched Chapter 1799
2026-04-08 03:28:43,420 - INFO - Fetched Chapter 1800
2026-04-08 03:28:44,005 - INFO - Fetched Chapter 1797
2026-04-08 03:28:44,557 - INFO - Fetched Chapter 1802
2026-04-08 03:28:45,031 - INFO - Fetched Chapter 1801
2026-04-08 03:28:45,577 - INFO - Fetched Chapter 1803
2026-04-08 03:28:46,615 - INFO - Fetched Chapter 1804
2026-04-08 03:28:46,658 - INFO - Fetched Chapter 1805
2026-04-08 03:28:47,243 - INFO - Fetched Chapter 1806
2026-04-08 03:28:47,372 - INFO - Fetched Chapter 1807
2026-04-08 03:28:48,145 - INFO - Fetched Chapter 1809
2026-04-08 03:28:48,693 - INFO - Fetched Chapter 1808
2026-04-08 03:28:59,566 - INFO - Fetched Chapter 1815
2026-04-08 03:29:00,371 - INFO - Fetched Chapter 1811
2026-04-08 03:29:01,163 - INFO - Fetched Chapter 1810
2026-04-08 03:29:01,194 - INFO - Fetched Chapter 1812
2026-04-08 03:29:01,705 - INFO - Fetched Chapter 1814
2026-04-08 03:29:01,828 - INFO - Fetched Chapter 1813
2026-04-08 03:29:02,537 - INFO - Fetched Chapter 1817
2026-04-08 03:29:02,869 - INFO - Fetched Chapter 1816
2026-04-08 03:29:03,185 - INFO - Fetched Chapter 1819
2026-04-08 03:29:03,783 - INFO - Fetched Chapter 1821
2026-04-08 03:29:04,522 - INFO - Fetched Chapter 1818
2026-04-08 03:29:04,846 - INFO - Fetched Chapter 1820
2026-04-08 03:29:05,860 - INFO - Fetched Chapter 1824
2026-04-08 03:29:05,956 - INFO - Fetched Chapter 1822
2026-04-08 03:29:06,212 - INFO - Fetched Chapter 1823
2026-04-08 03:29:06,710 - INFO - Fetched Chapter 1827
2026-04-08 03:29:06,920 - INFO - Fetched Chapter 1826
2026-04-08 03:29:07,152 - INFO - Fetched Chapter 1825
2026-04-08 03:29:08,084 - INFO - Fetched Chapter 1829
2026-04-08 03:29:08,674 - INFO - Fetched Chapter 1828
2026-04-08 03:29:09,450 - INFO - Fetched Chapter 1830
2026-04-08 03:29:19,910 - INFO - Fetched Chapter 1835
2026-04-08 03:29:20,924 - INFO - Fetched Chapter 1832
2026-04-08 03:29:21,250 - INFO - Fetched Chapter 1833
2026-04-08 03:29:21,264 - INFO - Fetched Chapter 1834
2026-04-08 03:29:21,692 - INFO - Fetched Chapter 1831
2026-04-08 03:29:22,087 - INFO - Fetched Chapter 1836
2026-04-08 03:29:22,625 - INFO - Fetched Chapter 1837
2026-04-08 03:29:22,754 - INFO - Fetched Chapter 1838
2026-04-08 03:29:23,691 - INFO - Fetched Chapter 1840
2026-04-08 03:29:23,918 - INFO - Fetched Chapter 1841
2026-04-08 03:29:24,425 - INFO - Fetched Chapter 1843
2026-04-08 03:29:24,436 - INFO - Fetched Chapter 1842
2026-04-08 03:29:24,949 - INFO - Fetched Chapter 1839
2026-04-08 03:29:25,976 - INFO - Fetched Chapter 1846
2026-04-08 03:29:26,351 - INFO - Fetched Chapter 1844
2026-04-08 03:29:27,440 - INFO - Fetched Chapter 1845
2026-04-08 03:29:27,747 - INFO - Fetched Chapter 1848
2026-04-08 03:29:28,045 - INFO - Fetched Chapter 1847
2026-04-08 03:29:36,885 - INFO - Fetched Chapter 1850
2026-04-08 03:29:39,072 - INFO - Fetched Chapter 1853
2026-04-08 03:29:39,217 - INFO - Fetched Chapter 1849
2026-04-08 03:29:39,275 - INFO - Fetched Chapter 1852
2026-04-08 03:29:39,394 - INFO - Fetched Chapter 1855
2026-04-08 03:29:39,658 - INFO - Fetched Chapter 1854
2026-04-08 03:29:40,086 - INFO - Fetched Chapter 1851
2026-04-08 03:29:41,576 - INFO - Fetched Chapter 1857
2026-04-08 03:29:41,855 - INFO - Fetched Chapter 1858
2026-04-08 03:29:42,091 - INFO - Fetched Chapter 1861
2026-04-08 03:29:42,125 - INFO - Fetched Chapter 1860
2026-04-08 03:29:42,308 - INFO - Fetched Chapter 1856
2026-04-08 03:29:43,127 - INFO - Fetched Chapter 1859
2026-04-08 03:29:43,873 - INFO - Fetched Chapter 1865
2026-04-08 03:29:43,949 - INFO - Fetched Chapter 1863
2026-04-08 03:29:44,798 - INFO - Fetched Chapter 1864
2026-04-08 03:29:44,831 - INFO - Fetched Chapter 1862
2026-04-08 03:29:45,811 - INFO - Fetched Chapter 1866
2026-04-08 03:29:55,007 - INFO - Fetched Chapter 1872
2026-04-08 03:29:55,328 - INFO - Fetched Chapter 1871
2026-04-08 03:29:57,233 - INFO - Fetched Chapter 1869
2026-04-08 03:29:57,550 - INFO - Fetched Chapter 1870
2026-04-08 03:29:57,724 - INFO - Fetched Chapter 1874
2026-04-08 03:29:58,317 - INFO - Fetched Chapter 1867
2026-04-08 03:29:58,332 - INFO - Fetched Chapter 1868
2026-04-08 03:29:58,773 - INFO - Fetched Chapter 1873
2026-04-08 03:29:59,764 - INFO - Fetched Chapter 1876
2026-04-08 03:30:00,051 - INFO - Fetched Chapter 1877
2026-04-08 03:30:00,220 - INFO - Fetched Chapter 1878
2026-04-08 03:30:00,523 - INFO - Fetched Chapter 1875
2026-04-08 03:30:00,990 - INFO - Fetched Chapter 1879
2026-04-08 03:30:02,148 - INFO - Fetched Chapter 1880
2026-04-08 03:30:02,242 - INFO - Fetched Chapter 1881
2026-04-08 03:30:03,284 - INFO - Fetched Chapter 1882
2026-04-08 03:30:03,362 - INFO - Fetched Chapter 1883
2026-04-08 03:30:03,456 - INFO - Fetched Chapter 1885
2026-04-08 03:30:03,651 - INFO - Fetched Chapter 1884
2026-04-08 03:30:14,254 - INFO - Fetched Chapter 1888
2026-04-08 03:30:16,194 - INFO - Fetched Chapter 1886
2026-04-08 03:30:16,282 - INFO - Fetched Chapter 1892
2026-04-08 03:30:16,630 - INFO - Fetched Chapter 1889
2026-04-08 03:30:17,836 - INFO - Fetched Chapter 1887
2026-04-08 03:30:17,901 - INFO - Fetched Chapter 1890
2026-04-08 03:30:18,134 - INFO - Fetched Chapter 1891
2026-04-08 03:30:18,685 - INFO - Fetched Chapter 1894
2026-04-08 03:30:19,277 - INFO - Fetched Chapter 1895
2026-04-08 03:30:19,688 - INFO - Fetched Chapter 1893
2026-04-08 03:30:21,110 - INFO - Fetched Chapter 1899
2026-04-08 03:30:21,135 - INFO - Fetched Chapter 1897
2026-04-08 03:30:21,302 - INFO - Fetched Chapter 1898
2026-04-08 03:30:21,438 - INFO - Fetched Chapter 1896
2026-04-08 03:30:21,687 - INFO - Fetched Chapter 1901
2026-04-08 03:30:22,147 - INFO - Fetched Chapter 1900
2026-04-08 03:30:23,791 - INFO - Fetched Chapter 1903
2026-04-08 03:30:23,914 - INFO - Fetched Chapter 1905
2026-04-08 03:30:24,126 - INFO - Fetched Chapter 1906
2026-04-08 03:30:24,197 - INFO - Fetched Chapter 1902
2026-04-08 03:30:25,061 - INFO - Fetched Chapter 1904
2026-04-08 03:30:25,170 - INFO - Fetched Chapter 1907
2026-04-08 03:30:36,474 - INFO - Fetched Chapter 1911
2026-04-08 03:30:37,740 - INFO - Fetched Chapter 1908
2026-04-08 03:30:38,301 - INFO - Fetched Chapter 1913
2026-04-08 03:30:38,428 - INFO - Fetched Chapter 1910
2026-04-08 03:30:38,999 - INFO - Fetched Chapter 1909
2026-04-08 03:30:39,812 - INFO - Fetched Chapter 1912
2026-04-08 03:30:39,979 - INFO - Fetched Chapter 1914
2026-04-08 03:30:40,527 - INFO - Fetched Chapter 1915
2026-04-08 03:30:40,765 - INFO - Fetched Chapter 1917
2026-04-08 03:30:40,893 - INFO - Fetched Chapter 1916
2026-04-08 03:30:41,027 - INFO - Fetched Chapter 1918
2026-04-08 03:30:42,286 - INFO - Fetched Chapter 1919
2026-04-08 03:30:42,865 - INFO - Fetched Chapter 1920
2026-04-08 03:30:42,923 - INFO - Fetched Chapter 1923
2026-04-08 03:30:43,822 - INFO - Fetched Chapter 1921
2026-04-08 03:30:44,055 - INFO - Fetched Chapter 1922
2026-04-08 03:30:44,452 - INFO - Fetched Chapter 1924
2026-04-08 03:30:44,512 - INFO - Fetched Chapter 1925
2026-04-08 03:30:45,783 - INFO - Fetched Chapter 1927
2026-04-08 03:30:46,090 - INFO - Fetched Chapter 1926
2026-04-08 03:30:57,744 - INFO - Fetched Chapter 1932
2026-04-08 03:30:57,873 - INFO - Fetched Chapter 1928
2026-04-08 03:30:58,205 - INFO - Fetched Chapter 1929
2026-04-08 03:30:59,825 - INFO - Fetched Chapter 1931
2026-04-08 03:30:59,832 - INFO - Fetched Chapter 1930
2026-04-08 03:30:59,840 - INFO - Fetched Chapter 1933
2026-04-08 03:30:59,982 - INFO - Fetched Chapter 1934
2026-04-08 03:31:00,537 - INFO - Fetched Chapter 1936
2026-04-08 03:31:01,061 - INFO - Fetched Chapter 1935
2026-04-08 03:31:01,934 - INFO - Fetched Chapter 1938
2026-04-08 03:31:02,334 - INFO - Fetched Chapter 1939
2026-04-08 03:31:02,661 - INFO - Fetched Chapter 1940
2026-04-08 03:31:02,776 - INFO - Fetched Chapter 1941
2026-04-08 03:31:03,354 - INFO - Fetched Chapter 1937
2026-04-08 03:31:04,019 - INFO - Fetched Chapter 1944
2026-04-08 03:31:04,766 - INFO - Fetched Chapter 1942
2026-04-08 03:31:05,292 - INFO - Fetched Chapter 1943
2026-04-08 03:31:05,857 - INFO - Fetched Chapter 1945
2026-04-08 03:31:06,014 - INFO - Fetched Chapter 1948
2026-04-08 03:31:06,070 - INFO - Fetched Chapter 1946
2026-04-08 03:31:06,460 - INFO - Fetched Chapter 1947
2026-04-08 03:31:19,006 - INFO - Fetched Chapter 1953
2026-04-08 03:31:19,526 - INFO - Fetched Chapter 1950
2026-04-08 03:31:19,553 - INFO - Fetched Chapter 1951
2026-04-08 03:31:19,788 - INFO - Fetched Chapter 1952
2026-04-08 03:31:20,010 - INFO - Fetched Chapter 1949
2026-04-08 03:31:20,949 - INFO - Fetched Chapter 1954
2026-04-08 03:31:21,638 - INFO - Fetched Chapter 1955
2026-04-08 03:31:21,650 - INFO - Fetched Chapter 1957
2026-04-08 03:31:22,097 - INFO - Fetched Chapter 1958
2026-04-08 03:31:22,503 - INFO - Fetched Chapter 1959
2026-04-08 03:31:22,560 - INFO - Fetched Chapter 1956
2026-04-08 03:31:23,288 - INFO - Fetched Chapter 1961
2026-04-08 03:31:23,977 - INFO - Fetched Chapter 1960
2026-04-08 03:31:24,214 - INFO - Fetched Chapter 1963
2026-04-08 03:31:24,448 - INFO - Fetched Chapter 1965
2026-04-08 03:31:24,644 - INFO - Fetched Chapter 1962
2026-04-08 03:31:24,773 - INFO - Fetched Chapter 1964
2026-04-08 03:31:25,822 - INFO - Fetched Chapter 1967
2026-04-08 03:31:25,880 - INFO - Fetched Chapter 1966
2026-04-08 03:31:38,276 - INFO - Fetched Chapter 1969
2026-04-08 03:31:38,509 - INFO - Fetched Chapter 1973
2026-04-08 03:31:38,612 - INFO - Fetched Chapter 1971
2026-04-08 03:31:39,251 - INFO - Fetched Chapter 1972
2026-04-08 03:31:39,670 - INFO - Fetched Chapter 1968
2026-04-08 03:31:39,852 - INFO - Fetched Chapter 1970
2026-04-08 03:31:40,848 - INFO - Fetched Chapter 1974
2026-04-08 03:31:41,113 - INFO - Fetched Chapter 1976
2026-04-08 03:31:41,142 - INFO - Fetched Chapter 1975
2026-04-08 03:31:41,244 - INFO - Fetched Chapter 1977
2026-04-08 03:31:42,507 - INFO - Fetched Chapter 1979
2026-04-08 03:31:42,966 - INFO - Fetched Chapter 1978
2026-04-08 03:31:43,176 - INFO - Fetched Chapter 1982
2026-04-08 03:31:43,294 - INFO - Fetched Chapter 1983
2026-04-08 03:31:43,916 - INFO - Fetched Chapter 1980
2026-04-08 03:31:44,207 - INFO - Fetched Chapter 1981
2026-04-08 03:31:44,943 - INFO - Fetched Chapter 1984
2026-04-08 03:31:45,820 - INFO - Fetched Chapter 1985
2026-04-08 03:31:46,070 - INFO - Fetched Chapter 1986
2026-04-08 03:31:46,423 - INFO - Fetched Chapter 1987
2026-04-08 03:31:47,656 - INFO - Fetched Chapter 1988
2026-04-08 03:31:57,667 - INFO - Fetched Chapter 1994
2026-04-08 03:31:58,242 - INFO - Fetched Chapter 1993
2026-04-08 03:31:58,953 - INFO - Fetched Chapter 1991
2026-04-08 03:31:59,006 - INFO - Fetched Chapter 1992
2026-04-08 03:31:59,038 - INFO - Fetched Chapter 1990
2026-04-08 03:31:59,574 - INFO - Fetched Chapter 1989
2026-04-08 03:32:00,709 - INFO - Fetched Chapter 1995
2026-04-08 03:32:00,957 - INFO - Fetched Chapter 1998
2026-04-08 03:32:01,089 - INFO - Fetched Chapter 1996
2026-04-08 03:32:02,605 - INFO - Fetched Chapter 2000
2026-04-08 03:32:02,670 - INFO - Fetched Chapter 1997
2026-04-08 03:32:02,812 - INFO - Fetched Chapter 1999
2026-04-08 03:32:03,894 - INFO - Fetched Chapter 2003
2026-04-08 03:32:03,939 - INFO - Fetched Chapter 2002
2026-04-08 03:32:03,955 - INFO - Fetched Chapter 2001
2026-04-08 03:32:04,570 - INFO - Fetched Chapter 2004
2026-04-08 03:32:05,012 - INFO - Fetched Chapter 2006
2026-04-08 03:32:05,744 - INFO - Fetched Chapter 2005
2026-04-08 03:32:06,310 - INFO - Fetched Chapter 2008
2026-04-08 03:32:06,801 - INFO - Fetched Chapter 2009
2026-04-08 03:32:07,372 - INFO - Fetched Chapter 2007
2026-04-08 03:32:18,163 - INFO - Fetched Chapter 2015
2026-04-08 03:32:18,725 - INFO - Fetched Chapter 2012
2026-04-08 03:32:19,058 - INFO - Fetched Chapter 2010
2026-04-08 03:32:19,463 - INFO - Fetched Chapter 2014
2026-04-08 03:32:19,589 - INFO - Fetched Chapter 2011
2026-04-08 03:32:19,979 - INFO - Fetched Chapter 2013
2026-04-08 03:32:20,176 - INFO - Fetched Chapter 2016
2026-04-08 03:32:22,251 - INFO - Fetched Chapter 2017
2026-04-08 03:32:22,595 - INFO - Fetched Chapter 2022
2026-04-08 03:32:22,617 - INFO - Fetched Chapter 2018
2026-04-08 03:32:22,902 - INFO - Fetched Chapter 2021
2026-04-08 03:32:22,924 - INFO - Fetched Chapter 2019
2026-04-08 03:32:22,986 - INFO - Fetched Chapter 2020
2026-04-08 03:32:24,812 - INFO - Fetched Chapter 2028
2026-04-08 03:32:24,846 - INFO - Fetched Chapter 2023
2026-04-08 03:32:24,882 - INFO - Fetched Chapter 2025
2026-04-08 03:32:25,057 - INFO - Fetched Chapter 2024
2026-04-08 03:32:26,289 - INFO - Fetched Chapter 2027
2026-04-08 03:32:26,793 - INFO - Fetched Chapter 2026
2026-04-08 03:32:27,078 - INFO - Fetched Chapter 2032
2026-04-08 03:32:27,334 - INFO - Fetched Chapter 2029
2026-04-08 03:32:28,296 - INFO - Fetched Chapter 2030
2026-04-08 03:32:28,472 - INFO - Fetched Chapter 2031
2026-04-08 03:32:39,588 - INFO - Fetched Chapter 2037
2026-04-08 03:32:40,248 - INFO - Fetched Chapter 2035
2026-04-08 03:32:40,435 - INFO - Fetched Chapter 2036
2026-04-08 03:32:40,728 - INFO - Fetched Chapter 2034
2026-04-08 03:32:40,780 - INFO - Fetched Chapter 2038
2026-04-08 03:32:40,799 - INFO - Fetched Chapter 2033
2026-04-08 03:32:41,785 - INFO - Fetched Chapter 2039
2026-04-08 03:32:42,238 - INFO - Fetched Chapter 2041
2026-04-08 03:32:42,721 - INFO - Fetched Chapter 2044
2026-04-08 03:32:42,811 - INFO - Fetched Chapter 2043
2026-04-08 03:32:43,456 - INFO - Fetched Chapter 2042
2026-04-08 03:32:43,591 - INFO - Fetched Chapter 2040
2026-04-08 03:32:44,296 - INFO - Fetched Chapter 2045
2026-04-08 03:32:44,457 - INFO - Fetched Chapter 2048
2026-04-08 03:32:44,597 - INFO - Fetched Chapter 2046
2026-04-08 03:32:45,692 - INFO - Fetched Chapter 2049
2026-04-08 03:32:45,753 - INFO - Fetched Chapter 2047
2026-04-08 03:32:47,165 - INFO - Fetched Chapter 2050
2026-04-08 03:32:47,476 - INFO - Fetched Chapter 2051
2026-04-08 03:32:57,852 - INFO - Fetched Chapter 2056
2026-04-08 03:32:58,093 - INFO - Fetched Chapter 2054
2026-04-08 03:32:58,752 - INFO - Fetched Chapter 2055
2026-04-08 03:32:58,875 - INFO - Fetched Chapter 2053
2026-04-08 03:32:59,381 - INFO - Fetched Chapter 2057
2026-04-08 03:32:59,818 - INFO - Fetched Chapter 2052
2026-04-08 03:33:00,946 - INFO - Fetched Chapter 2060
2026-04-08 03:33:01,295 - INFO - Fetched Chapter 2062
2026-04-08 03:33:01,537 - INFO - Fetched Chapter 2058
2026-04-08 03:33:01,717 - INFO - Fetched Chapter 2059
2026-04-08 03:33:02,346 - INFO - Fetched Chapter 2061
2026-04-08 03:33:02,984 - INFO - Fetched Chapter 2063
2026-04-08 03:33:04,012 - INFO - Fetched Chapter 2064
2026-04-08 03:33:04,308 - INFO - Fetched Chapter 2068
2026-04-08 03:33:04,426 - INFO - Fetched Chapter 2065
2026-04-08 03:33:04,817 - INFO - Fetched Chapter 2066
2026-04-08 03:33:04,896 - INFO - Fetched Chapter 2067
2026-04-08 03:33:05,497 - INFO - Fetched Chapter 2069
2026-04-08 03:33:06,139 - INFO - Fetched Chapter 2070
2026-04-08 03:33:07,053 - INFO - Fetched Chapter 2072
2026-04-08 03:33:07,183 - INFO - Fetched Chapter 2071
2026-04-08 03:33:07,441 - INFO - Fetched Chapter 2073
2026-04-08 03:33:07,737 - INFO - Fetched Chapter 2074
2026-04-08 03:33:19,109 - INFO - Fetched Chapter 2077
2026-04-08 03:33:19,195 - INFO - Fetched Chapter 2075
2026-04-08 03:33:19,533 - INFO - Fetched Chapter 2079
2026-04-08 03:33:20,339 - INFO - Fetched Chapter 2080
2026-04-08 03:33:20,585 - INFO - Fetched Chapter 2078
2026-04-08 03:33:20,883 - INFO - Fetched Chapter 2076
2026-04-08 03:33:21,100 - INFO - Fetched Chapter 2082
2026-04-08 03:33:22,248 - INFO - Fetched Chapter 2083
2026-04-08 03:33:22,315 - INFO - Fetched Chapter 2081
2026-04-08 03:33:22,944 - INFO - Fetched Chapter 2086
2026-04-08 03:33:23,398 - INFO - Fetched Chapter 2085
2026-04-08 03:33:23,546 - INFO - Fetched Chapter 2084
2026-04-08 03:33:24,030 - INFO - Fetched Chapter 2087
2026-04-08 03:33:25,135 - INFO - Fetched Chapter 2089
2026-04-08 03:33:25,401 - INFO - Fetched Chapter 2088
2026-04-08 03:33:26,263 - INFO - Fetched Chapter 2091
2026-04-08 03:33:26,322 - INFO - Fetched Chapter 2092
2026-04-08 03:33:26,686 - INFO - Fetched Chapter 2090
2026-04-08 03:33:27,115 - INFO - Fetched Chapter 2093
2026-04-08 03:33:37,202 - INFO - Fetched Chapter 2094
2026-04-08 03:33:38,421 - INFO - Fetched Chapter 2098
2026-04-08 03:33:39,282 - INFO - Fetched Chapter 2096
2026-04-08 03:33:39,692 - INFO - Fetched Chapter 2100
2026-04-08 03:33:40,347 - INFO - Fetched Chapter 2099
2026-04-08 03:33:40,463 - INFO - Fetched Chapter 2097
2026-04-08 03:33:40,673 - INFO - Fetched Chapter 2101
2026-04-08 03:33:40,674 - INFO - Fetched Chapter 2095
2026-04-08 03:33:41,153 - INFO - Fetched Chapter 2102
2026-04-08 03:33:42,125 - INFO - Fetched Chapter 2103
2026-04-08 03:33:42,690 - INFO - Fetched Chapter 2106
2026-04-08 03:33:42,953 - INFO - Fetched Chapter 2104
2026-04-08 03:33:43,126 - INFO - Fetched Chapter 2108
2026-04-08 03:33:43,459 - INFO - Fetched Chapter 2105
2026-04-08 03:33:43,762 - INFO - Fetched Chapter 2107
2026-04-08 03:33:44,283 - INFO - Fetched Chapter 2109
2026-04-08 03:33:45,231 - INFO - Fetched Chapter 2113
2026-04-08 03:33:45,359 - INFO - Fetched Chapter 2112
2026-04-08 03:33:46,186 - INFO - Fetched Chapter 2110
2026-04-08 03:33:46,704 - INFO - Fetched Chapter 2111
2026-04-08 03:33:58,240 - INFO - Fetched Chapter 2118
2026-04-08 03:33:58,312 - INFO - Fetched Chapter 2119
2026-04-08 03:33:58,524 - INFO - Fetched Chapter 2115
2026-04-08 03:33:59,319 - INFO - Fetched Chapter 2117
2026-04-08 03:33:59,626 - INFO - Fetched Chapter 2114
2026-04-08 03:33:59,904 - INFO - Fetched Chapter 2116
2026-04-08 03:34:00,937 - INFO - Fetched Chapter 2121
2026-04-08 03:34:01,502 - INFO - Fetched Chapter 2120
2026-04-08 03:34:01,813 - INFO - Fetched Chapter 2124
2026-04-08 03:34:02,143 - INFO - Fetched Chapter 2125
2026-04-08 03:34:02,215 - INFO - Fetched Chapter 2122
2026-04-08 03:34:03,013 - INFO - Fetched Chapter 2123
2026-04-08 03:34:03,427 - INFO - Fetched Chapter 2126
2026-04-08 03:34:03,628 - INFO - Fetched Chapter 2128
2026-04-08 03:34:03,910 - INFO - Fetched Chapter 2127
2026-04-08 03:34:05,215 - INFO - Fetched Chapter 2132
2026-04-08 03:34:05,719 - INFO - Fetched Chapter 2129
2026-04-08 03:34:05,818 - INFO - Fetched Chapter 2133
2026-04-08 03:34:05,945 - INFO - Fetched Chapter 2131
2026-04-08 03:34:05,950 - INFO - Fetched Chapter 2130
2026-04-08 03:34:06,746 - INFO - Fetched Chapter 2134
2026-04-08 03:34:18,725 - INFO - Fetched Chapter 2136
2026-04-08 03:34:18,917 - INFO - Fetched Chapter 2135
2026-04-08 03:34:19,140 - INFO - Fetched Chapter 2138
2026-04-08 03:34:19,169 - INFO - Fetched Chapter 2137
2026-04-08 03:34:20,288 - INFO - Fetched Chapter 2139
2026-04-08 03:34:20,435 - INFO - Fetched Chapter 2140
2026-04-08 03:34:20,972 - INFO - Fetched Chapter 2142
2026-04-08 03:34:21,485 - INFO - Fetched Chapter 2144
2026-04-08 03:34:22,037 - INFO - Fetched Chapter 2143
2026-04-08 03:34:22,161 - INFO - Fetched Chapter 2146
2026-04-08 03:34:22,279 - INFO - Fetched Chapter 2141
2026-04-08 03:34:22,377 - INFO - Fetched Chapter 2145
2026-04-08 03:34:22,978 - INFO - Fetched Chapter 2147
2026-04-08 03:34:24,043 - INFO - Fetched Chapter 2150
2026-04-08 03:34:24,063 - INFO - Fetched Chapter 2149
2026-04-08 03:34:24,334 - INFO - Fetched Chapter 2152
2026-04-08 03:34:24,485 - INFO - Fetched Chapter 2148
2026-04-08 03:34:25,806 - INFO - Fetched Chapter 2151
2026-04-08 03:34:37,310 - INFO - Fetched Chapter 2154
2026-04-08 03:34:37,491 - INFO - Fetched Chapter 2156
2026-04-08 03:34:37,538 - INFO - Fetched Chapter 2155
2026-04-08 03:34:37,781 - INFO - Fetched Chapter 2157
2026-04-08 03:34:37,984 - INFO - Fetched Chapter 2153
2026-04-08 03:34:38,383 - INFO - Fetched Chapter 2158
2026-04-08 03:34:39,269 - INFO - Fetched Chapter 2159
2026-04-08 03:34:39,445 - INFO - Fetched Chapter 2160
2026-04-08 03:34:39,604 - INFO - Fetched Chapter 2162
2026-04-08 03:34:39,958 - INFO - Fetched Chapter 2161
2026-04-08 03:34:40,577 - INFO - Fetched Chapter 2163
2026-04-08 03:34:41,932 - INFO - Fetched Chapter 2164
2026-04-08 03:34:42,653 - INFO - Fetched Chapter 2166
2026-04-08 03:34:42,887 - INFO - Fetched Chapter 2165
2026-04-08 03:34:42,951 - INFO - Fetched Chapter 2169
2026-04-08 03:34:43,187 - INFO - Fetched Chapter 2168
2026-04-08 03:34:43,276 - INFO - Fetched Chapter 2167
2026-04-08 03:34:44,611 - INFO - Fetched Chapter 2171
2026-04-08 03:34:44,658 - INFO - Fetched Chapter 2170
2026-04-08 03:34:45,202 - INFO - Fetched Chapter 2174
2026-04-08 03:34:45,913 - INFO - Fetched Chapter 2173
2026-04-08 03:34:45,993 - INFO - Fetched Chapter 2172
2026-04-08 03:34:46,185 - INFO - Fetched Chapter 2175
2026-04-08 03:34:56,059 - INFO - Fetched Chapter 2178
2026-04-08 03:34:56,629 - INFO - Fetched Chapter 2177
2026-04-08 03:34:58,029 - INFO - Fetched Chapter 2180
2026-04-08 03:34:59,046 - INFO - Fetched Chapter 2179
2026-04-08 03:34:59,522 - INFO - Fetched Chapter 2183
2026-04-08 03:34:59,603 - INFO - Fetched Chapter 2181
2026-04-08 03:34:59,800 - INFO - Fetched Chapter 2182
2026-04-08 03:34:59,979 - INFO - Fetched Chapter 2176
2026-04-08 03:35:00,467 - INFO - Fetched Chapter 2184
2026-04-08 03:35:01,816 - INFO - Fetched Chapter 2188
2026-04-08 03:35:02,080 - INFO - Fetched Chapter 2189
2026-04-08 03:35:02,512 - INFO - Fetched Chapter 2186
2026-04-08 03:35:02,675 - INFO - Fetched Chapter 2185
2026-04-08 03:35:03,040 - INFO - Fetched Chapter 2187
2026-04-08 03:35:03,324 - INFO - Fetched Chapter 2190
2026-04-08 03:35:03,859 - INFO - Fetched Chapter 2192
2026-04-08 03:35:03,998 - INFO - Fetched Chapter 2191
2026-04-08 03:35:05,529 - INFO - Fetched Chapter 2195
2026-04-08 03:35:05,584 - INFO - Fetched Chapter 2196
2026-04-08 03:35:05,770 - INFO - Fetched Chapter 2193
2026-04-08 03:35:06,035 - INFO - Fetched Chapter 2194
2026-04-08 03:35:17,911 - INFO - Fetched Chapter 2198
2026-04-08 03:35:18,084 - INFO - Fetched Chapter 2201
2026-04-08 03:35:18,460 - INFO - Fetched Chapter 2199
2026-04-08 03:35:18,513 - INFO - Fetched Chapter 2197
2026-04-08 03:35:18,612 - INFO - Fetched Chapter 2202
2026-04-08 03:35:19,142 - INFO - Fetched Chapter 2200
2026-04-08 03:35:20,173 - INFO - Fetched Chapter 2204
2026-04-08 03:35:20,359 - INFO - Fetched Chapter 2203
2026-04-08 03:35:20,658 - INFO - Fetched Chapter 2207
2026-04-08 03:35:21,106 - INFO - Fetched Chapter 2205
2026-04-08 03:35:21,315 - INFO - Fetched Chapter 2206
2026-04-08 03:35:22,147 - INFO - Fetched Chapter 2208
2026-04-08 03:35:22,801 - INFO - Fetched Chapter 2211
2026-04-08 03:35:23,511 - INFO - Fetched Chapter 2213
2026-04-08 03:35:23,712 - INFO - Fetched Chapter 2209
2026-04-08 03:35:24,008 - INFO - Fetched Chapter 2212
2026-04-08 03:35:24,134 - INFO - Fetched Chapter 2210
2026-04-08 03:35:24,943 - INFO - Fetched Chapter 2214
2026-04-08 03:35:25,247 - INFO - Fetched Chapter 2216
2026-04-08 03:35:26,378 - INFO - Fetched Chapter 2215
2026-04-08 03:35:27,203 - INFO - Fetched Chapter 2218
2026-04-08 03:35:27,523 - INFO - Fetched Chapter 2217
2026-04-08 03:35:27,775 - INFO - Fetched Chapter 2219
2026-04-08 03:35:38,967 - INFO - Fetched Chapter 2220
2026-04-08 03:35:39,504 - INFO - Fetched Chapter 2223
2026-04-08 03:35:40,324 - INFO - Fetched Chapter 2224
2026-04-08 03:35:40,412 - INFO - Fetched Chapter 2225
2026-04-08 03:35:40,573 - INFO - Fetched Chapter 2222
2026-04-08 03:35:40,838 - INFO - Fetched Chapter 2221
2026-04-08 03:35:41,906 - INFO - Fetched Chapter 2227
2026-04-08 03:35:42,465 - INFO - Fetched Chapter 2226
2026-04-08 03:35:42,872 - INFO - Fetched Chapter 2228
2026-04-08 03:35:43,140 - INFO - Fetched Chapter 2229
2026-04-08 03:35:43,266 - INFO - Fetched Chapter 2231
2026-04-08 03:35:44,032 - INFO - Fetched Chapter 2232
2026-04-08 03:35:44,283 - INFO - Fetched Chapter 2230
2026-04-08 03:35:45,293 - INFO - Fetched Chapter 2233
2026-04-08 03:35:45,808 - INFO - Fetched Chapter 2235
2026-04-08 03:35:45,831 - INFO - Fetched Chapter 2234
2026-04-08 03:35:46,735 - INFO - Fetched Chapter 2236
2026-04-08 03:35:46,920 - INFO - Fetched Chapter 2237
2026-04-08 03:35:47,698 - INFO - Fetched Chapter 2238
2026-04-08 03:35:58,427 - INFO - Fetched Chapter 2244
2026-04-08 03:35:58,840 - INFO - Fetched Chapter 2243
2026-04-08 03:35:59,251 - INFO - Fetched Chapter 2242
2026-04-08 03:35:59,817 - INFO - Fetched Chapter 2240
2026-04-08 03:36:00,134 - INFO - Fetched Chapter 2239
2026-04-08 03:36:00,633 - INFO - Fetched Chapter 2241
2026-04-08 03:36:01,652 - INFO - Fetched Chapter 2247
2026-04-08 03:36:01,689 - INFO - Fetched Chapter 2245
2026-04-08 03:36:02,273 - INFO - Fetched Chapter 2248
2026-04-08 03:36:02,520 - INFO - Fetched Chapter 2246
2026-04-08 03:36:02,579 - INFO - Fetched Chapter 2249
2026-04-08 03:36:03,935 - INFO - Fetched Chapter 2252
2026-04-08 03:36:03,987 - INFO - Fetched Chapter 2251
2026-04-08 03:36:04,001 - INFO - Fetched Chapter 2250
2026-04-08 03:36:04,471 - INFO - Fetched Chapter 2254
2026-04-08 03:36:04,821 - INFO - Fetched Chapter 2255
2026-04-08 03:36:05,849 - INFO - Fetched Chapter 2253
2026-04-08 03:36:06,114 - INFO - Fetched Chapter 2256
2026-04-08 03:36:06,710 - INFO - Fetched Chapter 2257
2026-04-08 03:36:06,868 - INFO - Fetched Chapter 2259
2026-04-08 03:36:06,916 - INFO - Fetched Chapter 2258
2026-04-08 03:36:18,814 - INFO - Fetched Chapter 2263
2026-04-08 03:36:19,354 - INFO - Fetched Chapter 2260
2026-04-08 03:36:19,766 - INFO - Fetched Chapter 2261
2026-04-08 03:36:20,283 - INFO - Fetched Chapter 2262
2026-04-08 03:36:20,548 - INFO - Fetched Chapter 2265
2026-04-08 03:36:20,617 - INFO - Fetched Chapter 2264
2026-04-08 03:36:21,353 - INFO - Fetched Chapter 2267
2026-04-08 03:36:21,371 - INFO - Fetched Chapter 2266
2026-04-08 03:36:22,636 - INFO - Fetched Chapter 2269
2026-04-08 03:36:22,959 - INFO - Fetched Chapter 2268
2026-04-08 03:36:23,098 - INFO - Fetched Chapter 2271
2026-04-08 03:36:23,459 - INFO - Fetched Chapter 2272
2026-04-08 03:36:23,870 - INFO - Fetched Chapter 2270
2026-04-08 03:36:24,745 - INFO - Fetched Chapter 2273
2026-04-08 03:36:25,175 - INFO - Fetched Chapter 2276
2026-04-08 03:36:25,414 - INFO - Fetched Chapter 2277
2026-04-08 03:36:25,886 - INFO - Fetched Chapter 2275
2026-04-08 03:36:25,955 - INFO - Fetched Chapter 2274
2026-04-08 03:36:27,236 - INFO - Fetched Chapter 2278
2026-04-08 03:36:39,365 - INFO - Fetched Chapter 2279
2026-04-08 03:36:39,640 - INFO - Fetched Chapter 2282
2026-04-08 03:36:39,758 - INFO - Fetched Chapter 2280
2026-04-08 03:36:40,158 - INFO - Fetched Chapter 2283
2026-04-08 03:36:40,267 - INFO - Fetched Chapter 2284
2026-04-08 03:36:41,111 - INFO - Fetched Chapter 2281
2026-04-08 03:36:41,589 - INFO - Fetched Chapter 2285
2026-04-08 03:36:41,977 - INFO - Fetched Chapter 2286
2026-04-08 03:36:42,408 - INFO - Fetched Chapter 2287
2026-04-08 03:36:42,861 - INFO - Fetched Chapter 2289
2026-04-08 03:36:43,357 - INFO - Fetched Chapter 2290
2026-04-08 03:36:43,557 - INFO - Fetched Chapter 2291
2026-04-08 03:36:43,594 - INFO - Fetched Chapter 2288
2026-04-08 03:36:44,789 - INFO - Fetched Chapter 2294
2026-04-08 03:36:45,125 - INFO - Fetched Chapter 2292
2026-04-08 03:36:45,811 - INFO - Fetched Chapter 2293
2026-04-08 03:36:46,268 - INFO - Fetched Chapter 2296
2026-04-08 03:36:46,346 - INFO - Fetched Chapter 2295
2026-04-08 03:36:47,194 - INFO - Fetched Chapter 2297
2026-04-08 03:36:58,945 - INFO - Fetched Chapter 2298
2026-04-08 03:36:59,437 - INFO - Fetched Chapter 2302
2026-04-08 03:36:59,491 - INFO - Fetched Chapter 2303
2026-04-08 03:36:59,626 - INFO - Fetched Chapter 2300
2026-04-08 03:37:00,174 - INFO - Fetched Chapter 2299
2026-04-08 03:37:01,048 - INFO - Fetched Chapter 2301
2026-04-08 03:37:01,532 - INFO - Fetched Chapter 2306
2026-04-08 03:37:01,866 - INFO - Fetched Chapter 2304
2026-04-08 03:37:02,512 - INFO - Fetched Chapter 2305
2026-04-08 03:37:02,800 - INFO - Fetched Chapter 2308
2026-04-08 03:37:03,028 - INFO - Fetched Chapter 2307
2026-04-08 03:37:03,487 - INFO - Fetched Chapter 2309
2026-04-08 03:37:04,047 - INFO - Fetched Chapter 2310
2026-04-08 03:37:04,982 - INFO - Fetched Chapter 2313
2026-04-08 03:37:05,187 - INFO - Fetched Chapter 2312
2026-04-08 03:37:05,406 - INFO - Fetched Chapter 2315
2026-04-08 03:37:05,653 - INFO - Fetched Chapter 2311
2026-04-08 03:37:05,923 - INFO - Fetched Chapter 2314
2026-04-08 03:37:07,704 - INFO - Fetched Chapter 2316
2026-04-08 03:37:17,523 - INFO - Fetched Chapter 2320
2026-04-08 03:37:19,025 - INFO - Fetched Chapter 2322
2026-04-08 03:37:19,141 - INFO - Fetched Chapter 2321
2026-04-08 03:37:19,260 - INFO - Fetched Chapter 2319
2026-04-08 03:37:19,526 - INFO - Fetched Chapter 2317
2026-04-08 03:37:19,598 - INFO - Fetched Chapter 2318
2026-04-08 03:37:21,026 - INFO - Fetched Chapter 2323
2026-04-08 03:37:21,418 - INFO - Fetched Chapter 2326
2026-04-08 03:37:21,738 - INFO - Fetched Chapter 2325
2026-04-08 03:37:21,835 - INFO - Fetched Chapter 2328
2026-04-08 03:37:21,886 - INFO - Fetched Chapter 2327
2026-04-08 03:37:22,677 - INFO - Fetched Chapter 2324
2026-04-08 03:37:23,609 - INFO - Fetched Chapter 2333
2026-04-08 03:37:23,724 - INFO - Fetched Chapter 2329
2026-04-08 03:37:24,188 - INFO - Fetched Chapter 2332
2026-04-08 03:37:24,574 - INFO - Fetched Chapter 2331
2026-04-08 03:37:24,909 - INFO - Fetched Chapter 2330
2026-04-08 03:37:26,143 - INFO - Fetched Chapter 2334
2026-04-08 03:37:36,876 - INFO - Fetched Chapter 2337
2026-04-08 03:37:37,156 - INFO - Fetched Chapter 2335
2026-04-08 03:37:37,224 - INFO - Fetched Chapter 2340
2026-04-08 03:37:37,290 - INFO - Fetched Chapter 2336
2026-04-08 03:37:37,756 - INFO - Fetched Chapter 2339
2026-04-08 03:37:38,058 - INFO - Fetched Chapter 2338
2026-04-08 03:37:39,692 - INFO - Fetched Chapter 2343
2026-04-08 03:37:39,735 - INFO - Fetched Chapter 2342
2026-04-08 03:37:39,924 - INFO - Fetched Chapter 2344
2026-04-08 03:37:40,261 - INFO - Fetched Chapter 2346
2026-04-08 03:37:40,363 - INFO - Fetched Chapter 2341
2026-04-08 03:37:40,966 - INFO - Fetched Chapter 2345
2026-04-08 03:37:42,039 - INFO - Fetched Chapter 2350
2026-04-08 03:37:42,207 - INFO - Fetched Chapter 2351
2026-04-08 03:37:42,396 - INFO - Fetched Chapter 2349
2026-04-08 03:37:42,476 - INFO - Fetched Chapter 2348
2026-04-08 03:37:43,455 - INFO - Fetched Chapter 2347
2026-04-08 03:37:43,525 - INFO - Fetched Chapter 2352
2026-04-08 03:37:44,214 - INFO - Fetched Chapter 2356
2026-04-08 03:37:44,304 - INFO - Fetched Chapter 2353
2026-04-08 03:37:44,724 - INFO - Fetched Chapter 2355
2026-04-08 03:37:45,696 - INFO - Fetched Chapter 2354
2026-04-08 03:37:57,142 - INFO - Fetched Chapter 2361
2026-04-08 03:37:57,295 - INFO - Fetched Chapter 2359
2026-04-08 03:37:57,597 - INFO - Fetched Chapter 2362
2026-04-08 03:37:58,350 - INFO - Fetched Chapter 2360
2026-04-08 03:37:58,738 - INFO - Fetched Chapter 2358
2026-04-08 03:37:59,120 - INFO - Fetched Chapter 2357
2026-04-08 03:37:59,931 - INFO - Fetched Chapter 2363
2026-04-08 03:38:00,088 - INFO - Fetched Chapter 2365
2026-04-08 03:38:00,204 - INFO - Fetched Chapter 2364
2026-04-08 03:38:01,384 - INFO - Fetched Chapter 2366
2026-04-08 03:38:01,830 - INFO - Fetched Chapter 2367
2026-04-08 03:38:02,236 - INFO - Fetched Chapter 2368
2026-04-08 03:38:03,134 - INFO - Fetched Chapter 2369
2026-04-08 03:38:03,261 - INFO - Fetched Chapter 2371
2026-04-08 03:38:03,411 - INFO - Fetched Chapter 2370
2026-04-08 03:38:03,874 - INFO - Fetched Chapter 2373
2026-04-08 03:38:03,979 - INFO - Fetched Chapter 2372
2026-04-08 03:38:04,078 - INFO - Fetched Chapter 2374
2026-04-08 03:38:05,516 - INFO - Fetched Chapter 2376
2026-04-08 03:38:06,366 - INFO - Fetched Chapter 2377
2026-04-08 03:38:06,910 - INFO - Fetched Chapter 2375
2026-04-08 03:38:07,206 - INFO - Fetched Chapter 2378
2026-04-08 03:38:18,056 - INFO - Fetched Chapter 2380
2026-04-08 03:38:18,431 - INFO - Fetched Chapter 2383
2026-04-08 03:38:18,742 - INFO - Fetched Chapter 2381
2026-04-08 03:38:19,026 - INFO - Fetched Chapter 2384
2026-04-08 03:38:19,496 - INFO - Fetched Chapter 2382
2026-04-08 03:38:19,654 - INFO - Fetched Chapter 2379
2026-04-08 03:38:20,936 - INFO - Fetched Chapter 2385
2026-04-08 03:38:21,510 - INFO - Fetched Chapter 2387
2026-04-08 03:38:21,785 - INFO - Fetched Chapter 2388
2026-04-08 03:38:22,056 - INFO - Fetched Chapter 2386
2026-04-08 03:38:22,944 - INFO - Fetched Chapter 2389
2026-04-08 03:38:23,148 - INFO - Fetched Chapter 2390
2026-04-08 03:38:23,711 - INFO - Fetched Chapter 2391
2026-04-08 03:38:24,094 - INFO - Fetched Chapter 2392
2026-04-08 03:38:24,403 - INFO - Fetched Chapter 2393
2026-04-08 03:38:24,960 - INFO - Fetched Chapter 2394
2026-04-08 03:38:24,974 - INFO - Fetched Chapter 2395
2026-04-08 03:38:26,298 - INFO - Fetched Chapter 2399
2026-04-08 03:38:26,683 - INFO - Fetched Chapter 2396
2026-04-08 03:38:27,434 - INFO - Fetched Chapter 2397
2026-04-08 03:38:27,831 - INFO - Fetched Chapter 2398
2026-04-08 03:38:37,926 - INFO - Fetched Chapter 2403
2026-04-08 03:38:38,715 - INFO - Fetched Chapter 2405
2026-04-08 03:38:39,630 - INFO - Fetched Chapter 2404
2026-04-08 03:38:39,811 - INFO - Fetched Chapter 2401
2026-04-08 03:38:39,855 - INFO - Fetched Chapter 2406
2026-04-08 03:38:40,196 - INFO - Fetched Chapter 2402
2026-04-08 03:38:40,773 - INFO - Fetched Chapter 2400
2026-04-08 03:38:41,653 - INFO - Fetched Chapter 2408
2026-04-08 03:38:41,767 - INFO - Fetched Chapter 2409
2026-04-08 03:38:42,087 - INFO - Fetched Chapter 2410
2026-04-08 03:38:42,211 - INFO - Fetched Chapter 2407
2026-04-08 03:38:43,005 - INFO - Fetched Chapter 2411
2026-04-08 03:38:43,429 - INFO - Fetched Chapter 2412
2026-04-08 03:38:43,779 - INFO - Fetched Chapter 2414
2026-04-08 03:38:44,717 - INFO - Fetched Chapter 2413
2026-04-08 03:38:45,092 - INFO - Fetched Chapter 2415
2026-04-08 03:38:45,243 - INFO - Fetched Chapter 2416
2026-04-08 03:38:45,788 - INFO - Fetched Chapter 2418
2026-04-08 03:38:46,407 - INFO - Fetched Chapter 2417
2026-04-08 03:38:47,154 - INFO - Fetched Chapter 2419
2026-04-08 03:38:58,864 - INFO - Fetched Chapter 2421
2026-04-08 03:38:59,026 - INFO - Fetched Chapter 2420
2026-04-08 03:38:59,841 - INFO - Fetched Chapter 2425
2026-04-08 03:39:00,038 - INFO - Fetched Chapter 2422
2026-04-08 03:39:00,076 - INFO - Fetched Chapter 2423
2026-04-08 03:39:00,766 - INFO - Fetched Chapter 2424
2026-04-08 03:39:01,246 - INFO - Fetched Chapter 2426
2026-04-08 03:39:02,521 - INFO - Fetched Chapter 2427
2026-04-08 03:39:02,908 - INFO - Fetched Chapter 2429
2026-04-08 03:39:02,949 - INFO - Fetched Chapter 2430
2026-04-08 03:39:03,281 - INFO - Fetched Chapter 2428
2026-04-08 03:39:03,503 - INFO - Fetched Chapter 2431
2026-04-08 03:39:03,574 - INFO - Fetched Chapter 2432
2026-04-08 03:39:05,100 - INFO - Fetched Chapter 2433
2026-04-08 03:39:05,131 - INFO - Fetched Chapter 2434
2026-04-08 03:39:05,323 - INFO - Fetched Chapter 2436
2026-04-08 03:39:05,731 - INFO - Fetched Chapter 2438
2026-04-08 03:39:05,991 - INFO - Fetched Chapter 2435
2026-04-08 03:39:06,490 - INFO - Fetched Chapter 2437
2026-04-08 03:39:19,430 - INFO - Fetched Chapter 2440
2026-04-08 03:39:19,486 - INFO - Fetched Chapter 2441
2026-04-08 03:39:19,499 - INFO - Fetched Chapter 2443
2026-04-08 03:39:19,865 - INFO - Fetched Chapter 2442
2026-04-08 03:39:20,033 - INFO - Fetched Chapter 2444
2026-04-08 03:39:20,636 - INFO - Fetched Chapter 2439
2026-04-08 03:39:21,065 - INFO - Fetched Chapter 2445
2026-04-08 03:39:21,389 - INFO - Fetched Chapter 2447
2026-04-08 03:39:21,828 - INFO - Fetched Chapter 2449
2026-04-08 03:39:22,390 - INFO - Fetched Chapter 2448
2026-04-08 03:39:23,260 - INFO - Fetched Chapter 2446
2026-04-08 03:39:23,777 - INFO - Fetched Chapter 2450
2026-04-08 03:39:24,018 - INFO - Fetched Chapter 2453
2026-04-08 03:39:24,318 - INFO - Fetched Chapter 2452
2026-04-08 03:39:24,543 - INFO - Fetched Chapter 2451
2026-04-08 03:39:25,515 - INFO - Fetched Chapter 2454
2026-04-08 03:39:25,684 - INFO - Fetched Chapter 2457
2026-04-08 03:39:26,629 - INFO - Fetched Chapter 2455
2026-04-08 03:39:26,818 - INFO - Fetched Chapter 2458
2026-04-08 03:39:27,010 - INFO - Fetched Chapter 2456
2026-04-08 03:39:37,676 - INFO - Fetched Chapter 2459
2026-04-08 03:39:37,789 - INFO - Fetched Chapter 2461
2026-04-08 03:39:39,235 - INFO - Fetched Chapter 2460
2026-04-08 03:39:39,304 - INFO - Fetched Chapter 2463
2026-04-08 03:39:39,795 - INFO - Fetched Chapter 2464
2026-04-08 03:39:39,967 - INFO - Fetched Chapter 2466
2026-04-08 03:39:40,146 - INFO - Fetched Chapter 2462
2026-04-08 03:39:40,946 - INFO - Fetched Chapter 2465
2026-04-08 03:39:41,365 - INFO - Fetched Chapter 2469
2026-04-08 03:39:41,904 - INFO - Fetched Chapter 2468
2026-04-08 03:39:42,059 - INFO - Fetched Chapter 2470
2026-04-08 03:39:42,351 - INFO - Fetched Chapter 2467
2026-04-08 03:39:42,379 - INFO - Fetched Chapter 2471
2026-04-08 03:39:43,612 - INFO - Fetched Chapter 2473
2026-04-08 03:39:43,734 - INFO - Fetched Chapter 2474
2026-04-08 03:39:44,065 - INFO - Fetched Chapter 2472
2026-04-08 03:39:44,864 - INFO - Fetched Chapter 2475
2026-04-08 03:39:45,136 - INFO - Fetched Chapter 2476
2026-04-08 03:39:45,302 - INFO - Fetched Chapter 2477
2026-04-08 03:39:56,483 - INFO - Fetched Chapter 2481
2026-04-08 03:39:56,671 - INFO - Fetched Chapter 2479
2026-04-08 03:39:57,713 - INFO - Fetched Chapter 2480
2026-04-08 03:39:57,806 - INFO - Fetched Chapter 2483
2026-04-08 03:39:58,439 - INFO - Fetched Chapter 2482
2026-04-08 03:39:58,944 - INFO - Fetched Chapter 2485
2026-04-08 03:39:59,277 - INFO - Fetched Chapter 2478
2026-04-08 03:39:59,476 - INFO - Fetched Chapter 2487
2026-04-08 03:39:59,691 - INFO - Fetched Chapter 2484
2026-04-08 03:40:00,144 - INFO - Fetched Chapter 2488
2026-04-08 03:40:00,773 - INFO - Fetched Chapter 2486
2026-04-08 03:40:00,809 - INFO - Fetched Chapter 2489
2026-04-08 03:40:01,710 - INFO - Fetched Chapter 2492
2026-04-08 03:40:02,084 - INFO - Fetched Chapter 2490
2026-04-08 03:40:02,584 - INFO - Fetched Chapter 2495
2026-04-08 03:40:02,700 - INFO - Fetched Chapter 2493
2026-04-08 03:40:03,013 - INFO - Fetched Chapter 2491
2026-04-08 03:40:03,799 - INFO - Fetched Chapter 2496
2026-04-08 03:40:04,012 - INFO - Fetched Chapter 2494
2026-04-08 03:40:05,564 - INFO - Fetched Chapter 2497
2026-04-08 03:40:16,028 - INFO - Fetched Chapter 2499
2026-04-08 03:40:16,272 - INFO - Fetched Chapter 2501
2026-04-08 03:40:16,505 - INFO - Fetched Chapter 2503
2026-04-08 03:40:16,723 - INFO - Fetched Chapter 2498
2026-04-08 03:40:17,009 - INFO - Fetched Chapter 2500
2026-04-08 03:40:17,101 - INFO - Fetched Chapter 2502
2026-04-08 03:40:18,726 - INFO - Fetched Chapter 2504
2026-04-08 03:40:18,749 - INFO - Fetched Chapter 2508
2026-04-08 03:40:19,417 - INFO - Fetched Chapter 2505
2026-04-08 03:40:19,434 - INFO - Fetched Chapter 2506
2026-04-08 03:40:19,599 - INFO - Fetched Chapter 2507
2026-04-08 03:40:19,612 - INFO - Fetched Chapter 2509
2026-04-08 03:40:20,436 - INFO - Fetched Chapter 2511
2026-04-08 03:40:21,485 - INFO - Fetched Chapter 2513
2026-04-08 03:40:21,683 - INFO - Fetched Chapter 2515
2026-04-08 03:40:21,726 - INFO - Fetched Chapter 2512
2026-04-08 03:40:22,031 - INFO - Fetched Chapter 2510
2026-04-08 03:40:23,272 - INFO - Fetched Chapter 2514
2026-04-08 03:40:34,000 - INFO - Fetched Chapter 2519
2026-04-08 03:40:34,128 - INFO - Fetched Chapter 2516
2026-04-08 03:40:34,962 - INFO - Fetched Chapter 2517
2026-04-08 03:40:35,355 - INFO - Fetched Chapter 2518
2026-04-08 03:40:35,469 - INFO - Fetched Chapter 2520
2026-04-08 03:40:35,493 - INFO - Fetched Chapter 2521
2026-04-08 03:40:36,172 - INFO - Fetched Chapter 2523
2026-04-08 03:40:36,241 - INFO - Fetched Chapter 2522
2026-04-08 03:40:37,080 - INFO - Fetched Chapter 2525
2026-04-08 03:40:37,104 - INFO - Fetched Chapter 2524
2026-04-08 03:40:37,830 - INFO - Fetched Chapter 2527
2026-04-08 03:40:38,659 - INFO - Fetched Chapter 2526
2026-04-08 03:40:39,413 - INFO - Fetched Chapter 2528
2026-04-08 03:40:39,747 - INFO - Fetched Chapter 2529
2026-04-08 03:40:50,483 - INFO - Fetched Chapter 2533
2026-04-08 03:40:50,899 - INFO - Fetched Chapter 2532
2026-04-08 03:40:51,158 - INFO - Fetched Chapter 2534
2026-04-08 03:40:51,418 - INFO - Fetched Chapter 2535
2026-04-08 03:40:52,006 - INFO - Fetched Chapter 2536
2026-04-08 03:40:52,143 - INFO - Fetched Chapter 2531
2026-04-08 03:40:52,652 - INFO - Fetched Chapter 2530
2026-04-08 03:40:53,663 - INFO - Fetched Chapter 2539
2026-04-08 03:40:53,677 - INFO - Fetched Chapter 2538
2026-04-08 03:40:54,245 - INFO - Fetched Chapter 2537
2026-04-08 03:40:54,258 - INFO - Fetched Chapter 2540
2026-04-08 03:40:54,971 - INFO - Fetched Chapter 2541
2026-04-08 03:40:55,959 - INFO - Fetched Chapter 2544
2026-04-08 03:40:55,972 - INFO - Fetched Chapter 2543
2026-04-08 03:40:55,985 - INFO - Fetched Chapter 2542
2026-04-08 03:40:55,998 - INFO - Fetched Chapter 2545
2026-04-08 03:40:57,720 - INFO - Fetched Chapter 2546
2026-04-08 03:41:07,435 - INFO - Fetched Chapter 2549
2026-04-08 03:41:09,099 - INFO - Fetched Chapter 2550
2026-04-08 03:41:09,290 - INFO - Fetched Chapter 2553
2026-04-08 03:41:09,420 - INFO - Fetched Chapter 2548
2026-04-08 03:41:09,930 - INFO - Fetched Chapter 2551
2026-04-08 03:41:09,986 - INFO - Fetched Chapter 2552
2026-04-08 03:41:10,394 - INFO - Fetched Chapter 2547
2026-04-08 03:41:11,835 - INFO - Fetched Chapter 2557
2026-04-08 03:41:11,870 - INFO - Fetched Chapter 2555
2026-04-08 03:41:12,103 - INFO - Fetched Chapter 2554
2026-04-08 03:41:12,338 - INFO - Fetched Chapter 2559
2026-04-08 03:41:12,798 - INFO - Fetched Chapter 2558
2026-04-08 03:41:12,952 - INFO - Fetched Chapter 2556
2026-04-08 03:41:13,807 - INFO - Fetched Chapter 2560
2026-04-08 03:41:13,824 - INFO - Fetched Chapter 2561
2026-04-08 03:41:15,048 - INFO - Fetched Chapter 2565
2026-04-08 03:41:15,051 - INFO - Fetched Chapter 2563
2026-04-08 03:41:15,269 - INFO - Fetched Chapter 2562
2026-04-08 03:41:16,083 - INFO - Fetched Chapter 2564
2026-04-08 03:41:28,547 - INFO - Fetched Chapter 2566
2026-04-08 03:41:28,873 - INFO - Fetched Chapter 2567
2026-04-08 03:41:28,992 - INFO - Fetched Chapter 2570
2026-04-08 03:41:29,137 - INFO - Fetched Chapter 2569
2026-04-08 03:41:29,514 - INFO - Fetched Chapter 2571
2026-04-08 03:41:29,613 - INFO - Fetched Chapter 2568
2026-04-08 03:41:30,815 - INFO - Fetched Chapter 2572
2026-04-08 03:41:31,360 - INFO - Fetched Chapter 2576
2026-04-08 03:41:31,470 - INFO - Fetched Chapter 2574
2026-04-08 03:41:32,327 - INFO - Fetched Chapter 2573
2026-04-08 03:41:32,471 - INFO - Fetched Chapter 2575
2026-04-08 03:41:32,903 - INFO - Fetched Chapter 2577
2026-04-08 03:41:33,506 - INFO - Fetched Chapter 2580
2026-04-08 03:41:33,888 - INFO - Fetched Chapter 2578
2026-04-08 03:41:34,221 - INFO - Fetched Chapter 2581
2026-04-08 03:41:34,342 - INFO - Fetched Chapter 2579
2026-04-08 03:41:35,241 - INFO - Fetched Chapter 2583
2026-04-08 03:41:35,722 - INFO - Fetched Chapter 2582
2026-04-08 03:41:45,578 - INFO - Fetched Chapter 2588
2026-04-08 03:41:47,049 - INFO - Fetched Chapter 2589
2026-04-08 03:41:47,204 - INFO - Fetched Chapter 2590
2026-04-08 03:41:47,515 - INFO - Fetched Chapter 2585
2026-04-08 03:41:47,788 - INFO - Fetched Chapter 2584
2026-04-08 03:41:47,825 - INFO - Fetched Chapter 2586
2026-04-08 03:41:48,822 - INFO - Fetched Chapter 2587
2026-04-08 03:41:49,007 - INFO - Fetched Chapter 2591
2026-04-08 03:41:49,721 - INFO - Fetched Chapter 2593
2026-04-08 03:41:50,519 - INFO - Fetched Chapter 2595
2026-04-08 03:41:50,906 - INFO - Fetched Chapter 2592
2026-04-08 03:41:50,945 - INFO - Fetched Chapter 2594
2026-04-08 03:41:51,678 - INFO - Fetched Chapter 2597
2026-04-08 03:41:52,161 - INFO - Fetched Chapter 2596
2026-04-08 03:41:52,562 - INFO - Fetched Chapter 2598
2026-04-08 03:41:52,637 - INFO - Fetched Chapter 2599
2026-04-08 03:41:52,876 - INFO - Fetched Chapter 2600
2026-04-08 03:41:54,411 - INFO - Fetched Chapter 2601
2026-04-08 03:42:03,427 - INFO - Fetched Chapter 2605
2026-04-08 03:42:05,134 - INFO - Fetched Chapter 2602
2026-04-08 03:42:05,280 - INFO - Fetched Chapter 2604
2026-04-08 03:42:05,724 - INFO - Fetched Chapter 2607
2026-04-08 03:42:06,103 - INFO - Fetched Chapter 2608
2026-04-08 03:42:06,311 - INFO - Fetched Chapter 2606
2026-04-08 03:42:06,656 - INFO - Fetched Chapter 2603
2026-04-08 03:42:07,374 - INFO - Fetched Chapter 2610
2026-04-08 03:42:07,400 - INFO - Fetched Chapter 2609
2026-04-08 03:42:08,116 - INFO - Fetched Chapter 2611
2026-04-08 03:42:09,006 - INFO - Fetched Chapter 2612
2026-04-08 03:42:09,050 - INFO - Fetched Chapter 2616
2026-04-08 03:42:09,620 - INFO - Fetched Chapter 2613
2026-04-08 03:42:09,857 - INFO - Fetched Chapter 2615
2026-04-08 03:42:09,877 - INFO - Fetched Chapter 2614
2026-04-08 03:42:21,889 - INFO - Fetched Chapter 2622
2026-04-08 03:42:21,934 - INFO - Fetched Chapter 2621
2026-04-08 03:42:22,141 - INFO - Fetched Chapter 2617
2026-04-08 03:42:22,664 - INFO - Fetched Chapter 2619
2026-04-08 03:42:22,697 - INFO - Fetched Chapter 2620
2026-04-08 03:42:23,477 - INFO - Fetched Chapter 2618
2026-04-08 03:42:23,789 - INFO - Fetched Chapter 2623
2026-04-08 03:42:24,823 - INFO - Fetched Chapter 2624
2026-04-08 03:42:24,904 - INFO - Fetched Chapter 2625
2026-04-08 03:42:25,348 - INFO - Fetched Chapter 2627
2026-04-08 03:42:25,969 - INFO - Fetched Chapter 2626
2026-04-08 03:42:26,255 - INFO - Fetched Chapter 2629
2026-04-08 03:42:26,538 - INFO - Fetched Chapter 2628
2026-04-08 03:42:27,269 - INFO - Fetched Chapter 2631
2026-04-08 03:42:27,520 - INFO - Fetched Chapter 2630
2026-04-08 03:42:27,917 - INFO - Fetched Chapter 2632
2026-04-08 03:42:37,635 - INFO - Fetched Chapter 2633
2026-04-08 03:42:38,210 - INFO - Fetched Chapter 2636
2026-04-08 03:42:38,371 - INFO - Fetched Chapter 2637
2026-04-08 03:42:40,154 - INFO - Fetched Chapter 2641
2026-04-08 03:42:40,400 - INFO - Fetched Chapter 2634
2026-04-08 03:42:40,588 - INFO - Fetched Chapter 2639
2026-04-08 03:42:40,603 - INFO - Fetched Chapter 2635
2026-04-08 03:42:41,125 - INFO - Fetched Chapter 2640
2026-04-08 03:42:41,545 - INFO - Fetched Chapter 2638
2026-04-08 03:42:42,704 - INFO - Fetched Chapter 2644
2026-04-08 03:42:43,108 - INFO - Fetched Chapter 2643
2026-04-08 03:42:43,362 - INFO - Fetched Chapter 2645
2026-04-08 03:42:43,542 - INFO - Fetched Chapter 2642
2026-04-08 03:42:44,552 - INFO - Fetched Chapter 2648
2026-04-08 03:42:44,586 - INFO - Fetched Chapter 2646
2026-04-08 03:42:44,613 - INFO - Fetched Chapter 2647
2026-04-08 03:42:44,776 - INFO - Fetched Chapter 2649
2026-04-08 03:42:45,290 - INFO - Fetched Chapter 2650
2026-04-08 03:42:46,006 - INFO - Fetched Chapter 2651
2026-04-08 03:42:46,134 - INFO - Fetched Chapter 2652
2026-04-08 03:42:46,439 - INFO - Fetched Chapter 2654
2026-04-08 03:42:46,649 - INFO - Fetched Chapter 2653
2026-04-08 03:42:46,830 - INFO - Fetched Chapter 2655
2026-04-08 03:42:58,925 - INFO - Fetched Chapter 2660
2026-04-08 03:42:58,987 - INFO - Fetched Chapter 2656
2026-04-08 03:42:59,134 - INFO - Fetched Chapter 2657
2026-04-08 03:42:59,367 - INFO - Fetched Chapter 2659
2026-04-08 03:43:00,111 - INFO - Fetched Chapter 2661
2026-04-08 03:43:00,192 - INFO - Fetched Chapter 2658
2026-04-08 03:43:01,071 - INFO - Fetched Chapter 2662
2026-04-08 03:43:01,757 - INFO - Fetched Chapter 2663
2026-04-08 03:43:01,969 - INFO - Fetched Chapter 2666
2026-04-08 03:43:02,533 - INFO - Fetched Chapter 2664
2026-04-08 03:43:02,547 - INFO - Fetched Chapter 2665
2026-04-08 03:43:02,815 - INFO - Fetched Chapter 2667
2026-04-08 03:43:03,133 - INFO - Fetched Chapter 2668
2026-04-08 03:43:03,618 - INFO - Fetched Chapter 2670
2026-04-08 03:43:04,554 - INFO - Fetched Chapter 2669
2026-04-08 03:43:04,600 - INFO - Fetched Chapter 2671
2026-04-08 03:43:04,986 - INFO - Fetched Chapter 2673
2026-04-08 03:43:05,124 - INFO - Fetched Chapter 2672
2026-04-08 03:43:05,817 - INFO - Fetched Chapter 2674
2026-04-08 03:43:16,394 - INFO - Fetched Chapter 2675
2026-04-08 03:43:16,868 - INFO - Fetched Chapter 2680
2026-04-08 03:43:17,895 - INFO - Fetched Chapter 2676
2026-04-08 03:43:18,201 - INFO - Fetched Chapter 2679
2026-04-08 03:43:18,447 - INFO - Fetched Chapter 2678
2026-04-08 03:43:18,550 - INFO - Fetched Chapter 2677
2026-04-08 03:43:19,050 - INFO - Fetched Chapter 2681
2026-04-08 03:43:19,991 - INFO - Fetched Chapter 2684
2026-04-08 03:43:20,014 - INFO - Fetched Chapter 2682
2026-04-08 03:43:20,631 - INFO - Fetched Chapter 2683
2026-04-08 03:43:21,141 - INFO - Fetched Chapter 2685
2026-04-08 03:43:21,305 - INFO - Fetched Chapter 2686
2026-04-08 03:43:22,132 - INFO - Fetched Chapter 2688
2026-04-08 03:43:22,604 - INFO - Fetched Chapter 2687
2026-04-08 03:43:23,176 - INFO - Fetched Chapter 2689
2026-04-08 03:43:24,138 - INFO - Fetched Chapter 2690
2026-04-08 03:43:24,611 - INFO - Fetched Chapter 2691
2026-04-08 03:43:24,725 - INFO - Fetched Chapter 2692
2026-04-08 03:43:25,326 - INFO - Fetched Chapter 2693
2026-04-08 03:43:34,978 - INFO - Fetched Chapter 2697
2026-04-08 03:43:35,687 - INFO - Fetched Chapter 2695
2026-04-08 03:43:36,264 - INFO - Fetched Chapter 2699
2026-04-08 03:43:37,008 - INFO - Fetched Chapter 2698
2026-04-08 03:43:37,178 - INFO - Fetched Chapter 2694
2026-04-08 03:43:37,515 - INFO - Fetched Chapter 2696
2026-04-08 03:43:37,861 - INFO - Fetched Chapter 2700
2026-04-08 03:43:38,762 - INFO - Fetched Chapter 2702
2026-04-08 03:43:38,945 - INFO - Fetched Chapter 2701
2026-04-08 03:43:39,260 - INFO - Fetched Chapter 2704
2026-04-08 03:43:39,682 - INFO - Fetched Chapter 2703
2026-04-08 03:43:39,979 - INFO - Fetched Chapter 2705
2026-04-08 03:43:40,651 - INFO - Fetched Chapter 2707
2026-04-08 03:43:40,847 - INFO - Fetched Chapter 2706
2026-04-08 03:43:41,159 - INFO - Fetched Chapter 2709
2026-04-08 03:43:41,844 - INFO - Fetched Chapter 2708
2026-04-08 03:43:51,449 - INFO - Fetched Chapter 2710
2026-04-08 03:43:52,876 - INFO - Fetched Chapter 2713
2026-04-08 03:43:53,230 - INFO - Fetched Chapter 2712
2026-04-08 03:43:53,643 - INFO - Fetched Chapter 2715
2026-04-08 03:43:53,872 - INFO - Fetched Chapter 2716
2026-04-08 03:43:54,424 - INFO - Fetched Chapter 2714
2026-04-08 03:43:54,496 - INFO - Fetched Chapter 2711
2026-04-08 03:43:55,317 - INFO - Fetched Chapter 2717
2026-04-08 03:43:55,623 - INFO - Fetched Chapter 2720
2026-04-08 03:43:55,906 - INFO - Fetched Chapter 2719
2026-04-08 03:43:55,962 - INFO - Fetched Chapter 2721
2026-04-08 03:43:56,581 - INFO - Fetched Chapter 2722
2026-04-08 03:43:56,651 - INFO - Fetched Chapter 2718
2026-04-08 03:43:57,197 - INFO - Fetched Chapter 2723
2026-04-08 03:43:57,599 - INFO - Fetched Chapter 2724
2026-04-08 03:43:58,369 - INFO - Fetched Chapter 2726
2026-04-08 03:43:58,875 - INFO - Fetched Chapter 2725
2026-04-08 03:44:08,785 - INFO - Fetched Chapter 2730
2026-04-08 03:44:09,274 - INFO - Fetched Chapter 2728
2026-04-08 03:44:10,078 - INFO - Fetched Chapter 2729
2026-04-08 03:44:10,236 - INFO - Fetched Chapter 2727
2026-04-08 03:44:10,696 - INFO - Fetched Chapter 2732
2026-04-08 03:44:11,194 - INFO - Fetched Chapter 2733
2026-04-08 03:44:11,847 - INFO - Fetched Chapter 2735
2026-04-08 03:44:11,865 - INFO - Fetched Chapter 2731
2026-04-08 03:44:11,936 - INFO - Fetched Chapter 2736
2026-04-08 03:44:12,214 - INFO - Fetched Chapter 2737
2026-04-08 03:44:12,533 - INFO - Fetched Chapter 2734
2026-04-08 03:44:13,420 - INFO - Fetched Chapter 2739
2026-04-08 03:44:13,533 - INFO - Fetched Chapter 2738
2026-04-08 03:44:13,837 - INFO - Fetched Chapter 2740
2026-04-08 03:44:13,884 - INFO - Fetched Chapter 2742
2026-04-08 03:44:14,470 - INFO - Fetched Chapter 2743
2026-04-08 03:44:14,651 - INFO - Fetched Chapter 2741
2026-04-08 03:44:15,302 - INFO - Fetched Chapter 2744
2026-04-08 03:44:17,203 - INFO - Fetched Chapter 2745
2026-04-08 03:44:17,420 - INFO - Fetched Chapter 2747
2026-04-08 03:44:17,464 - INFO - Fetched Chapter 2746
2026-04-08 03:44:26,856 - INFO - Fetched Chapter 2749
2026-04-08 03:44:27,731 - INFO - Fetched Chapter 2753
2026-04-08 03:44:28,437 - INFO - Fetched Chapter 2752
2026-04-08 03:44:28,499 - INFO - Fetched Chapter 2751
2026-04-08 03:44:29,170 - INFO - Fetched Chapter 2748
2026-04-08 03:44:29,274 - INFO - Fetched Chapter 2755
2026-04-08 03:44:29,462 - INFO - Fetched Chapter 2754
2026-04-08 03:44:29,799 - INFO - Fetched Chapter 2750
2026-04-08 03:44:30,495 - INFO - Fetched Chapter 2757
2026-04-08 03:44:31,637 - INFO - Fetched Chapter 2758
2026-04-08 03:44:31,742 - INFO - Fetched Chapter 2756
2026-04-08 03:44:31,884 - INFO - Fetched Chapter 2759
2026-04-08 03:44:32,050 - INFO - Fetched Chapter 2761
2026-04-08 03:44:32,733 - INFO - Fetched Chapter 2760
2026-04-08 03:44:33,334 - INFO - Fetched Chapter 2763
2026-04-08 03:44:33,494 - INFO - Fetched Chapter 2762
2026-04-08 03:44:34,098 - INFO - Fetched Chapter 2766
2026-04-08 03:44:34,113 - INFO - Fetched Chapter 2765
2026-04-08 03:44:35,456 - INFO - Fetched Chapter 2764
2026-04-08 03:44:47,060 - INFO - Fetched Chapter 2767
2026-04-08 03:44:47,716 - INFO - Fetched Chapter 2770
2026-04-08 03:44:48,049 - INFO - Fetched Chapter 2771
2026-04-08 03:44:48,168 - INFO - Fetched Chapter 2772
2026-04-08 03:44:48,400 - INFO - Fetched Chapter 2768
2026-04-08 03:44:49,313 - INFO - Fetched Chapter 2769
2026-04-08 03:44:49,645 - INFO - Fetched Chapter 2773
2026-04-08 03:44:50,059 - INFO - Fetched Chapter 2775
2026-04-08 03:44:50,675 - INFO - Fetched Chapter 2774
2026-04-08 03:44:51,401 - INFO - Fetched Chapter 2779
2026-04-08 03:44:51,436 - INFO - Fetched Chapter 2776
2026-04-08 03:44:51,832 - INFO - Fetched Chapter 2777
2026-04-08 03:44:52,590 - INFO - Fetched Chapter 2778
2026-04-08 03:44:52,646 - INFO - Fetched Chapter 2781
2026-04-08 03:44:52,815 - INFO - Fetched Chapter 2780
2026-04-08 03:44:53,599 - INFO - Fetched Chapter 2784
2026-04-08 03:44:53,877 - INFO - Fetched Chapter 2782
2026-04-08 03:44:54,372 - INFO - Fetched Chapter 2783
2026-04-08 03:44:54,612 - INFO - Fetched Chapter 2786
2026-04-08 03:44:54,946 - INFO - Fetched Chapter 2785
2026-04-08 03:44:55,497 - INFO - Fetched Chapter 2787
2026-04-08 03:45:06,331 - INFO - Fetched Chapter 2791
2026-04-08 03:45:07,049 - INFO - Fetched Chapter 2792
2026-04-08 03:45:08,047 - INFO - Fetched Chapter 2788
2026-04-08 03:45:08,064 - INFO - Fetched Chapter 2789
2026-04-08 03:45:08,402 - INFO - Fetched Chapter 2793
2026-04-08 03:45:09,005 - INFO - Fetched Chapter 2790
2026-04-08 03:45:09,207 - INFO - Fetched Chapter 2794
2026-04-08 03:45:09,781 - INFO - Fetched Chapter 2795
2026-04-08 03:45:09,836 - INFO - Fetched Chapter 2796
2026-04-08 03:45:10,575 - INFO - Fetched Chapter 2797
2026-04-08 03:45:10,758 - INFO - Fetched Chapter 2799
2026-04-08 03:45:11,422 - INFO - Fetched Chapter 2798
2026-04-08 03:45:11,758 - INFO - Fetched Chapter 2802
2026-04-08 03:45:12,250 - INFO - Fetched Chapter 2801
2026-04-08 03:45:12,519 - INFO - Fetched Chapter 2800
2026-04-08 03:45:13,042 - INFO - Fetched Chapter 2804
2026-04-08 03:45:13,834 - INFO - Fetched Chapter 2803
2026-04-08 03:45:14,492 - INFO - Fetched Chapter 2806
2026-04-08 03:45:14,695 - INFO - Fetched Chapter 2805
2026-04-08 03:45:25,868 - INFO - Fetched Chapter 2809
2026-04-08 03:45:25,927 - INFO - Fetched Chapter 2810
2026-04-08 03:45:25,939 - INFO - Fetched Chapter 2808
2026-04-08 03:45:26,534 - INFO - Fetched Chapter 2811
2026-04-08 03:45:26,700 - INFO - Fetched Chapter 2812
2026-04-08 03:45:27,403 - INFO - Fetched Chapter 2807
2026-04-08 03:45:27,797 - INFO - Fetched Chapter 2815
2026-04-08 03:45:27,868 - INFO - Fetched Chapter 2813
2026-04-08 03:45:28,676 - INFO - Fetched Chapter 2816
2026-04-08 03:45:29,050 - INFO - Fetched Chapter 2814
2026-04-08 03:45:29,377 - INFO - Fetched Chapter 2819
2026-04-08 03:45:29,965 - INFO - Fetched Chapter 2818
2026-04-08 03:45:29,978 - INFO - Fetched Chapter 2817
2026-04-08 03:45:30,048 - INFO - Fetched Chapter 2820
2026-04-08 03:45:31,129 - INFO - Fetched Chapter 2822
2026-04-08 03:45:32,278 - INFO - Fetched Chapter 2821
2026-04-08 03:45:43,290 - INFO - Fetched Chapter 2825
2026-04-08 03:45:43,525 - INFO - Fetched Chapter 2826
2026-04-08 03:45:43,565 - INFO - Fetched Chapter 2823
2026-04-08 03:45:43,603 - INFO - Fetched Chapter 2824
2026-04-08 03:45:44,306 - INFO - Fetched Chapter 2827
2026-04-08 03:45:44,893 - INFO - Fetched Chapter 2828
2026-04-08 03:45:45,504 - INFO - Fetched Chapter 2829
2026-04-08 03:45:46,876 - INFO - Fetched Chapter 2831
2026-04-08 03:45:47,115 - INFO - Fetched Chapter 2835
2026-04-08 03:45:47,162 - INFO - Fetched Chapter 2830
2026-04-08 03:45:47,223 - INFO - Fetched Chapter 2832
2026-04-08 03:45:47,471 - INFO - Fetched Chapter 2833
2026-04-08 03:45:47,971 - INFO - Fetched Chapter 2834
2026-04-08 03:45:49,262 - INFO - Fetched Chapter 2838
2026-04-08 03:45:49,330 - INFO - Fetched Chapter 2837
2026-04-08 03:45:49,908 - INFO - Fetched Chapter 2839
2026-04-08 03:45:50,387 - INFO - Fetched Chapter 2836
2026-04-08 03:45:50,791 - INFO - Fetched Chapter 2840
2026-04-08 03:46:01,597 - INFO - Fetched Chapter 2841
2026-04-08 03:46:01,826 - INFO - Fetched Chapter 2846
2026-04-08 03:46:02,701 - INFO - Fetched Chapter 2844
2026-04-08 03:46:03,077 - INFO - Fetched Chapter 2842
2026-04-08 03:46:03,348 - INFO - Fetched Chapter 2845
2026-04-08 03:46:03,989 - INFO - Fetched Chapter 2843
2026-04-08 03:46:04,011 - INFO - Fetched Chapter 2848
2026-04-08 03:46:04,730 - INFO - Fetched Chapter 2847
2026-04-08 03:46:05,211 - INFO - Fetched Chapter 2850
2026-04-08 03:46:05,688 - INFO - Fetched Chapter 2849
2026-04-08 03:46:06,337 - INFO - Fetched Chapter 2851
2026-04-08 03:46:07,118 - INFO - Fetched Chapter 2852
2026-04-08 03:46:07,271 - INFO - Fetched Chapter 2855
2026-04-08 03:46:07,717 - INFO - Fetched Chapter 2856
2026-04-08 03:46:07,856 - INFO - Fetched Chapter 2854
2026-04-08 03:46:07,896 - INFO - Fetched Chapter 2853
2026-04-08 03:46:20,045 - INFO - Fetched Chapter 2861
2026-04-08 03:46:20,278 - INFO - Fetched Chapter 2862
2026-04-08 03:46:20,386 - INFO - Fetched Chapter 2859
2026-04-08 03:46:21,378 - INFO - Fetched Chapter 2858
2026-04-08 03:46:21,465 - INFO - Fetched Chapter 2860
2026-04-08 03:46:21,947 - INFO - Fetched Chapter 2857
